排名,电影id,名称,年份,导演,演员,类型,国别,语言,评分,评分人数,五星占比,四星占比,三星占比,二星占比,一星占比,短评数
1,30253080,汉纳·盖茨比告别秀：娜娜 Hannah Gadsby: Nanette,2018,乔恩·欧布,汉纳·盖茨比,喜剧/脱口秀,英语,澳大利亚,9.5,7792,80.90%,14.40%,3.20%,0.70%,0.80%,3604
﻿2,30203557,黄子华栋笃笑之金盆𠺘口 黄子华栋笃笑之金盆啷口,2018,黄子华,黄子华,喜剧,粤语,中国香港,9.5,3294,82.90%,12.20%,3.20%,0.50%,1.30%,1167
3,30312425,丹尼尔·斯洛斯：现场表演 Daniel Sloss: Live Shows,2018,丹尼尔·斯洛斯,丹尼尔·斯洛斯,喜剧,英语,美国,9.3,4968,69.70%,25.00%,4.40%,0.50%,0.50%,2152
5,30140054,绝对要赢 羽生结弦 向自己发起的挑战 絶対に勝ってやる 羽生結弦 自分への挑戦,2018,日本テレビ,羽生结弦/宫野真守,,日语,日本,9.3,993,75.40%,17.40%,5.30%,0.30%,1.60%,281
6,27040774,超感猎杀：完结特别篇 Sense8 Finale Special,2018,拉娜·沃卓斯基,裴斗娜/杰米·克莱顿/蒂娜·德赛/塔彭丝·米德尔顿/马克思·雷迈特/米格尔·安赫尔·西尔维斯特/布莱恩·J·史密斯/托比·奥伍梅尔/弗莉玛·阿吉曼/帕鲁布·科里/阿方索·埃雷拉/泰伦斯·曼/达丽尔·汉纳/纳威恩·安德利维斯/奈斯鲍提斯塔/斯蒂芬·鲍克思/阿米拉·加扎拉/约书亚·格罗斯/埃伦迪拉·伊瓦拉/雅丽·乔维尔/西尔维斯特·迈可伊/Annie Munch/埃文特·斯特朗/马克斯·毛夫,剧情/科幻/同性,英语,美国,9.2,53789,71.10%,19.90%,7.10%,1.20%,0.60%,17810
7,33446692,17th音乐会,2018,任家萱,任家萱/田馥甄/陈嘉桦,音乐,汉语普通话,中国台湾,9.1,327,68.50%,23.10%,6.00%,1.20%,1.20%,74
8,30377925,我的小马驹：最棒的礼物 My Little Pony: Best Gift Ever,2018,Denny Lu,塔拉·斯特朗/安德莉亚·利布曼/阿什莉·鲍尔/塔比莎·杰曼/凯西·薇瑟乐克/约翰·德·兰西/山姆·文森特/加里·切克/Meaghan Hommy/史葛·麦克尼尔/Ingrid Nilson/Sean Thomas/安德鲁·弗朗西斯/布瑞特·麦考利普/Alison Wandzura/Asia Mattu/Rebecca Shoichet/Kazumi Evans/珊农·陈-肯特,喜剧/动画/歌舞/家庭,英语,美国,9.2,326,72.80%,17.50%,7.10%,0.70%,1.90%,66
9,30259761,哈库梅伊与蜜珂析OVA：螺丝与床 / 地炉与博弈 ハクメイとミコチOVA「ネジとベッド と 囲炉裏と博打」,2018,安藤正臣,松田利冴/下地紫野/松风雅也/新谷真弓/津田健次郎/内山夕实/市道真央/後藤啓介,动画/奇幻,日语,日本,9.2,596,72.70%,19.20%,6.20%,0.20%,1.80%,95
10,30432348,柯南无国界：意大利 Conan Without Borders: Italy,2018,柯南·奥布莱恩,柯南·奥布莱恩,脱口秀,英语,美国,9.2,340,68.90%,23.20%,5.70%,0.70%,1.40%,72
11,30279151,探险活宝之钻石与柠檬 Adventure Time: Diamonds and Lemons,2018,Hanna K. Nyström,杰里米·沙达/约翰·迪·马吉欧/汤姆·肯尼/奥利维亚·奥尔森/贾斯汀·罗兰/海登·瓦尔希/彭德尔顿·沃德,喜剧/动画,英语,美国,9.1,275,71.70%,18.90%,6.60%,0.00%,2.80%,37
12,30276444,擅长捉弄的高木同学OVA：水滑梯 からかい上手の高木さん OVA 「ウォーター・スライダー」,2018,赤城博昭,高桥李依/梶裕贵/小原好美/市道真央/小仓唯/内田雄马/小岩井小鸟/落合福嗣/冈本信彦,喜剧/爱情/动画,日语,日本,9.2,2357,68.80%,23.00%,7.40%,0.50%,0.30%,323
13,27624729,さんタク2018 Santaku 2018,2018,明石家秋刀鱼,明石家秋刀鱼/木村拓哉/渡边直美,脱口秀,日语,日本,9.2,265,75.50%,15.90%,4.80%,0.00%,3.80%,50
14,30170448,何以为家 كفرناحوم,2018,娜丁·拉巴基,赞恩·阿尔·拉菲亚/约丹诺斯·希费罗/博鲁瓦蒂夫·特雷杰·班科尔/卡萨尔·艾尔·哈达德/法迪·尤瑟夫/海塔·塞德拉·伊扎姆/阿拉·乔什涅/娜丁·拉巴基/埃利亚斯·库利/努尔·艾尔·侯赛尼,剧情,阿拉伯语 / 阿姆哈拉语,黎巴嫩 / 美国 / 法国 / 塞浦路斯 / 卡塔尔 / 英国,9.1,947382,59.90%,34.10%,5.50%,0.40%,0.20%,245113
15,30366357,人人都在谈论杰米 Everybody's Talking About Jamie,2018,Jonathan Butterell,John McCrea/Josie Walker/Tamsin Carroll/Daniel Davids/Phil Nichol/Lucie Shorthouse,剧情/同性/音乐,英语,英国,9.1,1474,61.20%,32.20%,5.60%,0.40%,0.50%,463
16,30256023,李尔王 National Theatre Live: King Lear,2018,Jonathan Munby,伊恩·麦克莱恩/乔纳森·贝利/Kirsty Bushell/西妮德·库萨克/Richard Clews/菲尔·丹尼尔斯/John Hastings/德乌拉·基尔万/塔马拉·劳伦斯/多米尼克·马夫海姆/Jake Mann/克莱尔·普莱斯,,英语,英国,9.1,3652,63.40%,30.80%,5.00%,0.50%,0.20%,1526
17,27124864,假面骑士EX-AID Trilogy Another Ending  Part III 假面骑士Genm VS 假面骑士Lazer 仮面ライダーゲンムVSレーザー,2018,铃村展弘,岩永彻也/小野塚勇人/饭岛宽骑/濑户利树/松本享恭/松田流花/甲斐翔真/黑崎莉奈/柳百合菜/贵水博之,,日语,日本,9.1,968,68.50%,22.50%,7.30%,0.50%,1.20%,193
18,30420108,从漫画了解！Fate/Grand Order マンガで分かる！Fate/Grand Order,2018,金田朋子,金田朋子/高桥李依/米泽圆/坂本真绫/能登麻美子/大久保瑠美/斋藤千和/种田梨沙/丹下樱/野中蓝/小见川千明,喜剧/动画,日语,日本,9,650,69.70%,18.80%,7.80%,1.40%,2.30%,134
19,30402148,超豪华！！最初也是最后的大同窗会！8时J 超豪華！！ 最初で最後の大同窓会！8時だJ,2018,泷泽秀明,泷泽秀明/山下智久/生田斗真/风间俊介/长谷川纯/大野智/樱井翔/相叶雅纪/二宫和也/松本润/村上信五/横山裕/锦户亮/丸山隆平/安田章大/大仓忠义,真人秀/脱口秀,日语,日本,9.1,1609,69.90%,20.30%,7.60%,1.20%,1.00%,497
20,34902531,五月天陪你守岁2018,2018,陈信宏,陈信宏/温尚翊/蔡升晏/刘冠佑/石锦航,脱口秀,汉语普通话,中国台湾,9.1,139,76.50%,11.80%,5.90%,2.00%,3.90%,15
21,30234447,大卫爱登堡：蛋的奇迹 Natural World: Attenborough's Wonder of Eggs,2018,Beth Jones,大卫·爱登堡,,英语,英国,9.1,66,60.40%,35.80%,3.80%,0.00%,0.00%,14
22,30180111,有伤风化 Indecent,2018,David Horn,卡特莉娜·林克/Mimi Lieber/Max Gordon Moore/Adina Verson/Richard Topol,剧情,英语,美国,9.1,69,63.00%,27.80%,9.30%,0.00%,0.00%,31
23,35074922,梅耶林 Mayerling,2018,史蒂文·麦克雷,史蒂文·麦克雷/Sarah Lamb,,英语,英国,9.1,88,70.80%,18.10%,9.70%,0.00%,1.40%,34
24,26752088,我不是药神,2018,文牧野,徐峥/王传君/周一围/谭卓/章宇/杨新鸣/王佳佳/王砚辉/贾晨飞/龚蓓苾/宁浩/李乃文/岳小军/苇青/富冠铭/巴拉特·巴蒂/喜利图/张海艳/朱耕佑,剧情/喜剧,汉语普通话 / 英语 / 上海话 / 印地语,中国大陆,9,1923678,58.70%,33.60%,6.90%,0.50%,0.20%,512527
25,30388353,孤独的美食家除夕SP：京都・名古屋出差篇 孤独のグルメ 2018大晦日スペシャル,2018,松重丰,松重丰,剧情,日语,日本,9,6262,57.50%,34.60%,7.40%,0.30%,0.20%,1870
26,30156318,岸边露伴一动不动 六壁坂 岸辺露伴は動かない 六壁坂,2018,加藤敏幸,樱井孝宏/种崎敦美/间岛淳司/益山武明/梶裕贵/高木涉,剧情/动画/惊悚,日语,日本,9,3344,58.30%,35.10%,6.00%,0.40%,0.20%,742
27,26920182,机动战士高达 THE ORIGIN Ⅵ 赤色彗星诞生 機動戦士ガンダム THE ORIGIN Ⅵ 誕生 赤い彗星,2018,安彦良和,池田秀一/潘惠美/银河万丈/渡边明乃/三宅健太/古谷彻/柿原彻也/古川登志夫/福圆美里/大塚明夫/浦山迅/中西英树/藤村步/成田剑/田中美央/新井里美/中博史/山崎巧/一条和矢/松田健一郎/土屋英史,科幻/动画,日语,日本,9,4711,63.20%,28.00%,7.20%,0.80%,0.80%,1047
28,30483556,布朗夫人的儿子们2018新年特辑 Mrs. Brown's Boys: New Year Special 2018 CSI: Mammy,2018,Ben Kellett,布伦丹·奥卡罗尔/Paddy Houlihan/Danny O'Carroll/Pat Shields/Jamie O'Carroll/Gary Hollywood/Amanda Woods/Eilish O'Carroll/Conor Moloney/Fiona Gibney/劳伦斯·金兰/Susie Blake,喜剧,英语,英国,9,110,62.50%,28.40%,8.00%,1.10%,0.00%,18
29,30425465,天鹅湖 Swan Lake,2018,罗斯·麦克吉本,Marianela Nuñez/Vadim Muntagirov/Elizabeth McGorian/Bennet Gartside/Alexander Campbell/Dancers of the Royal Ballet/Orchestra of the Royal Opera House,音乐/歌舞,英语,英国,9,249,60.30%,34.20%,3.50%,0.50%,1.50%,104
30,30423908,阿库·汉姆《吉赛尔》 Akram Khan's Giselle,2018,罗斯·麦克吉本,Tamara Rojo/James Streeter/Jeffrey Cirio/Stina Quagebeur/Begona Cao/Fabian Reimair,剧情/音乐,无对白 / 英语,英国,9,130,62.00%,29.60%,6.50%,0.90%,0.90%,51
31,30418918,呼叫助产士：2018圣诞特别篇 Call the Midwife Christmas Special 2018,2018,Syd Macartney,珍妮·艾加特/琳达·巴塞特/朱迪·帕瑞福特/海伦·乔治/维多利亚·耶茨/史蒂芬·麦可甘/克雷夫·珀瑞斯/劳拉·美恩/崔佛·库珀/珍妮弗·柯比/费奈拉·伍尔加/埃拉·布鲁科莱里,剧情/历史,英语,英国,9,90,64.40%,26.00%,8.20%,0.00%,1.40%,18
32,27060077,绿皮书 Green Book,2018,彼得·法雷里,维果·莫腾森/马赫沙拉·阿里/琳达·卡德里尼/塞巴斯蒂安·马尼斯科/迪米特·D·马里诺夫/迈克·哈顿/P·J·伯恩/乔·柯蒂斯/玛姬·尼克松/冯·刘易斯/乔恩·索特兰/唐·斯达克/安东尼·曼加诺/保罗·斯隆/珍娜·劳伦索/肯尼斯·以色列/伊克博·塞巴/尼克·瓦莱隆加/大卫·安/迈克·切罗内/杰拉尔丁·辛格/马丁·巴特斯·布拉德福德/格拉伦·布莱恩特·班克斯/汤姆·维图/夏恩·帕特洛/丹尼斯·W·霍尔/吉姆·克洛克/戴恩·罗兹/布赖恩·斯特帕尼克/乔恩·迈克尔·戴维斯/布莱恩·库瑞/托尼亚·马尔多纳多,剧情/喜剧/音乐/传记,英语 / 意大利语 / 俄语 / 德语,美国 / 中国大陆,8.9,1471866,54.80%,37.50%,7.10%,0.40%,0.10%,366485
33,27186354,灵能百分百 REIGEN モブサイコ100 REIGEN ～知られざる奇跡の霊能力者～,2018,立川让,伊藤节生/樱井孝宏/大塚明夫/入野自由,动画/奇幻,日语,日本,8.9,8625,55.20%,33.90%,9.80%,0.90%,0.20%,1690
34,27063403,悠哉日常大王剧场版：假期活动 劇場版 のんのんびより ばけーしょん,2018,川面真也,小岩井小鸟/村川梨衣/佐仓绫音/阿澄佳奈/名冢佳织/佐藤利奈/福圆美里/新谷良子/下地紫野/平松晶子/筱原惠美/绫濑有,喜剧/动画,日语,日本,8.9,4003,57.90%,31.10%,9.40%,1.00%,0.70%,1208
35,27615868,续·终物语 続・終物語,2018,新房昭之,神谷浩史/斋藤千和/加藤英美里/泽城美雪/花泽香菜/堀江由衣/喜多村英梨/井口裕香/早见沙织/井上麻里奈/坂本真绫/水桥香织/根谷美智子,剧情/动画/奇幻,日语,日本,8.9,3389,59.70%,30.00%,8.30%,1.50%,0.60%,968
36,30418911,布朗夫人的儿子们：2018圣诞特别篇 Mrs. Brown's Boys Christmas Special: Exotic Mammy,2018,Ben Kellett,布伦丹·奥卡罗尔/Derek Reddin/Dermot O'Neill/Conor Moloney/Martin Delany/Eilish O'Carroll/Paddy Houlihan/Danny O'Carroll/Jennifer Gibney/Susie Blake,喜剧,英语,英国,8.9,161,54.30%,38.00%,7.00%,0.00%,0.80%,27
37,30426857,新贵2018圣诞特辑 Upstart Crow: A Crow Christmas Carol,2018,Richard Boden,大卫·米切尔/肯尼思·布拉纳/海伦·蒙克斯/保拉·威尔科克斯/哈里·恩菲尔德/Rosanna Beacock/丽莎·塔巴克/马克·希普/卡尔·特奥巴德/杰玛·韦兰/蒂姆·唐尼/Rob Rouse/多米尼克·科尔曼/Spencer Jones/史蒂夫·斯皮尔斯/乔斯林·杰·艾森/莉莉·科尔/Hannah Jane Fox/Luka Petrovic,喜剧/历史,英语,英国,8.9,301,55.20%,34.70%,9.60%,0.00%,0.40%,84
38,34434267,修罗天魔～骷髅城的七人 Season极 修羅天魔～髑髏城の七人 Season極,2018,いのうえひでのり,天海祐希/古田新太/龙星凉/清水由美/三宅弘城/山本 亨/梶原善/古田新太 Arata Furuta,歌舞/奇幻/古装,日语,日本,8.9,271,60.30%,26.70%,11.60%,0.90%,0.40%,119
39,30360151,EXO COMEBACK SHOWCASE “TEMPO”,2018,金珉锡,金珉锡/金俊勉/边伯贤/金钟大/朴灿烈/都暻秀/金钟仁/吴世勋,音乐/脱口秀,韩语,韩国,8.8,112,74.20%,11.80%,4.30%,1.10%,8.60%,14
40,34994788,演员对谈：艾玛·斯通&蒂莫西·柴勒梅德 Actors on Actors: Emma Stone and Timothée Chalamet,2018,艾玛·斯通,艾玛·斯通/蒂莫西·柴勒梅德,真人秀/脱口秀,英语,美国,8.8,67,48.30%,41.40%,10.30%,0.00%,0.00%,23
41,27062637,利兹与青鸟 リズと青い鳥,2018,山田尚子,种崎敦美/东山奈央/本田望结/藤村鼓乃美/山冈百合/杉浦诗织/黑泽朋世/朝井彩加/丰田萌绘/安济知佳/桑岛法子/中村悠一/樱井孝宏,剧情/动画/音乐,日语,日本,8.8,29571,54.90%,31.10%,11.80%,1.70%,0.50%,10802
42,30377161,特雷弗·诺亚：派翠莎是我老妈 Trevor Noah: Son of Patricia,2018,David Paul Meyer,特雷弗·诺亚,喜剧,英语,美国,8.8,4774,49.60%,39.80%,9.70%,0.80%,0.20%,1639
43,30156995,瑞奇·热维斯：人性 Ricky Gervais: Humanity,2018,John L. Spencer,瑞奇·热维斯,喜剧/脱口秀,英语,美国,8.8,3054,52.30%,39.10%,7.40%,1.00%,0.20%,1104
44,35620700,夏日遐想 Summerdaze,2018,Martin Hong,David Eung/Alfred Sng,,英语,新加坡,8.6,84,50.70%,32.90%,15.10%,0.00%,1.40%,25
45,33381431,音乐剧-安娜·卡列尼娜 Anna Karenina Musical,2018,Alina Chevik,Andrey Alexandrin/Karine Asiryan/Olga Belyaeva/Andrey Birin/Natalia Bystrova/Denis Demkiv/Dmitri Ermak/叶卡捷琳娜·古谢娃/Vlad Kiryukhin/Valeriya Lanskaya,歌舞,俄语,俄罗斯,8.7,661,50.00%,40.40%,7.70%,1.00%,1.00%,229
46,30465770,英村脑残故事 特别篇 This Country Special - The Aftermath,2018,Tom George,Charlie Cooper/Daisy May Cooper/Paul Chahidi/Michael Sleggs,喜剧,英语,英国,8.8,337,49.50%,42.80%,7.10%,0.00%,0.70%,77
47,30432346,柯南无国界：海地特辑 Conan Without Borders: Haiti,2018,柯南·奥布莱恩,柯南·奥布莱恩,喜剧/脱口秀,英语,美国,8.8,221,56.30%,32.40%,8.50%,2.30%,0.60%,41
48,27622772,高丽屋三代之春~袭名·松本幸四郎一家 生于歌舞伎~ 高麗屋 三代の春～襲名・松本幸四郎家 歌舞伎に生きる～,2018,松本幸四郎,松本幸四郎/市川染五郎/松本金太郎/松本纪保/松隆子,,日语,日本,8.8,443,50.10%,40.90%,8.40%,0.00%,0.50%,116
49,27128232,"普契尼《托斯卡》大都会歌剧院高清歌剧转播 ""The Metropolitan Opera HD Live"" Puccini: Tosca",2018,Patrick Carfizzi,Patrick Carfizzi/Vittorio Grigolo/Kristine Opolais/Bryn Terfel,音乐,意大利语,美国,8.8,91,48.60%,43.20%,6.80%,0.00%,1.40%,42
50,4920389,头号玩家 Ready Player One,2018,史蒂文·斯皮尔伯格,泰伊·谢里丹/奥利维亚·库克/本·门德尔森/马克·里朗斯/丽娜·维特/森崎温/赵家正/西蒙·佩吉/T·J·米勒/汉娜·乔恩-卡门/拉尔夫·伊内森/苏珊·林奇/克莱尔·希金斯/劳伦斯·斯佩尔曼/佩蒂塔·维克斯/艾萨克·安德鲁斯,动作/科幻/冒险,英语 / 日语 / 汉语普通话,美国,8.7,1253486,48.70%,37.70%,11.90%,1.30%,0.40%,325035
51,27622447,小偷家族 万引き家族,2018,是枝裕和,中川雅也/安藤樱/松冈茉优/城桧吏/佐佐木美结/树木希林/绪形直人/池松壮亮/森口瑶子/山田裕贵/片山萌美/柄本明/高良健吾/池胁千鹤/足立智充,剧情/家庭/犯罪,日语,日本,8.7,755414,45.10%,44.60%,9.40%,0.70%,0.20%,197682
52,26683421,特工 공작,2018,尹钟彬,黄政民/李星民/赵震雄/朱智勋/朴成雄/李孝利/金素真/奇周峯/郑素利/金弘波/金应洙/琴赛璐/崔秉默/金钟秀/金仁宇,剧情,韩语 / 汉语普通话 / 日语,韩国,8.7,162861,45.20%,43.80%,10.10%,0.70%,0.20%,42033
53,27052274,剧场版 中二病也要谈恋爱！ -Take On Me- 映画 中二病でも恋がしたい！ -Take On Me-,2018,石原立也,福山润/内田真礼/赤崎千夏/浅仓杏美/上坂堇/长妻树里/仙台惠理/大塚芳忠/保志总一朗/岩男润子/福原香织/天野由梨/冲佳苗/井上喜久子/设乐麻美/山冈百合,喜剧/爱情/动画,日语,日本,8.7,8415,52.60%,33.80%,11.40%,1.50%,0.60%,1914
54,30451891,红色 Red,2018,迈克尔·格兰达吉,阿尔弗雷德·伊诺奇/阿尔弗雷德·莫里纳,剧情,英语,英国,8.6,1895,49.40%,35.60%,12.70%,1.70%,0.60%,793
55,30269032,血界战线 Back2Back OAD 血界戦線 Back2Back OAD,2018,高柳滋仁,小山力也/阪口大助/中井和哉/宫本充/小林优/内田雄马,喜剧/动作/奇幻,日语,日本,8.7,388,53.40%,31.40%,12.70%,1.20%,1.20%,72
56,30299228,金州勇士队2018年夺冠纪录片 Back to Back ! 2018 NBA Champions: Golden State Warriors,2018,斯蒂芬·库里,斯蒂芬·库里/史蒂夫·科尔/凯文·杜兰特/詹姆斯·哈登/克里斯·保罗/勒布朗·詹姆斯/凯文·乐福/克莱·汤普森/德雷蒙德·格林,,英语,美国,8.7,385,59.20%,24.70%,10.90%,0.70%,4.60%,72
57,35198695,伍佰&China Blue 2018透南风演唱会,2018,伍佰,伍佰/朱剑辉,音乐/歌舞,汉语普通话 / 闽南语 Southern Fujian Diale,中国台湾,8.7,78,53.40%,32.80%,10.30%,1.70%,1.70%,27
58,30365440,拥抱！光之美少女剧场版：两个人是光之美少女·群星之回忆 映画HUGっと！プリキュア・ふたりはプリキュア オールスターズメモリーズ,2018,宫本浩史,引坂理絵/本泉莉奈/小倉唯/田村奈央/田村ゆかり/山本美月,动画,日语,日本,8.7,115,60.20%,22.60%,11.80%,3.20%,2.20%,31
59,30419909,~父母的恋爱故事~ ～両親ラブストーリー～ オヤコイ,2018,小芝风花,小芝风花/赤楚卫二 EIJI AKASO/桐山涟/高田夏帆/山下容莉枝,爱情,日语,日本,8.6,103,42.40%,44.70%,12.90%,0.00%,0.00%,43
60,5300054,波西米亚狂想曲 Bohemian Rhapsody,2018,布莱恩·辛格,拉米·马雷克/本·哈迪/约瑟夫·梅泽罗/格威利姆·李/艾伦·里奇/露西·宝通/艾丹·吉伦/汤姆·霍兰德/麦克·梅尔斯/阿隆·麦克卡斯克/梅内卡·达斯/迪基·博/蒂姆· 普莱斯特/杰克·罗思/马克斯·班内特/基兰·哈德卡斯托/罗斯·格林/布鲁斯·麦克金伦/米歇尔·邓肯/马特·格林伍德/罗茜·本杰明/约翰·奥特曼/詹姆斯·华莱士/文森特·阿德里安/拉斯科·阿特金斯/乔纳森·奇塔姆/迈克尔·科布/耶稣·加洛/亚当·兰伯特/豪尔赫·莱昂·马丁内斯/杰森· 莱恩斯/伊斯雷尔·鲁兹,剧情/同性/音乐/传记,英语,英国 / 美国,8.6,545157,47.90%,38.50%,12.10%,1.30%,0.20%,162622
61,26374197,蜘蛛侠：平行宇宙 Spider-Man: Into the Spider-Verse,2018,鲍勃·佩尔西凯蒂,沙梅克·摩尔/杰克·约翰逊/海莉·斯坦菲尔德/马赫沙拉·阿里/布莱恩·泰里·亨利/莉莉·汤姆林/劳伦·维勒斯/佐伊·克罗维兹/约翰·木兰尼/贵美子·格伦/尼古拉斯·凯奇/凯瑟琳·哈恩/列维·施瑞博尔/克里斯·派恩/娜塔丽·莫瑞丝/奥斯卡·伊萨克/格里塔·李/斯坦·李/乔玛·塔科内/华金·科西奥/蕾克·贝尔/梅勒妮·海恩斯/尼克·杰恩/穆尼卜·拉赫曼/卡洛斯·萨拉戈萨/黛西·罗斯·布莱内斯/里夫·霍顿/哈里森·奈特/莱克斯·朗/凯特琳·麦肯纳-威尔金森/斯科特·门维尔/克里斯托弗·米勒/德维卡·帕利赫/柯特妮·佩尔顿/克里斯蒂·法瑞斯/杰奎琳·皮诺尔/贾斯汀·沉卡罗/梅利莎·斯特姆,动作/科幻/动画/冒险,英语 / 西班牙语,美国,8.6,570377,44.90%,41.60%,12.30%,0.90%,0.20%,154689
62,27119586,谁先爱上他的 誰先愛上他的,2018,徐誉庭,邱泽/谢盈萱/陈如山/黄圣球/周洺甫/梁正群/杨丽音/安哲/高隽雅/吴定谦/刘黛莹/钟欣凌/万芳/高爱伦,剧情/喜剧/同性,汉语普通话,中国台湾,8.6,359380,44.10%,44.30%,10.30%,0.80%,0.40%,123960
63,26701196,无主之作 Werk ohne Autor,2018,弗洛里安·亨克尔·冯·多纳斯马尔克,汤姆·希林/塞巴斯蒂安·科赫/葆拉·贝尔/莎斯琪亚·罗森道尔/奥利弗·马苏奇/叶甫根尼·希迪金/马克·扎克/乌尔里克·C·扎勒/巴斯蒂安·特罗斯特/汉斯-尤韦·鲍尔/汉诺·科夫勒/辛纳克·勋纳曼/詹妮特·海因/乔切·舒托夫/约翰娜·加斯多夫/弗罗里安·巴西奥罗麦/本·贝克,剧情,德语 / 俄语,德国 / 意大利,8.6,73155,44.40%,43.70%,10.80%,0.80%,0.20%,24229
64,30361134,9号秘事 万圣节特别篇 Inside No. 9  Dead Line,2018,巴巴拉·威尔希尔,史蒂夫·佩姆伯顿/里斯·谢尔史密斯/斯蒂芬妮·科尔/罗宾·贝里/里奇·基伯/丹尼斯·劳森,喜剧/恐怖,英语,英国,8.6,30623,49.70%,35.40%,12.80%,1.50%,0.50%,10884
65,33422519,杜嘉班纳2019春夏女装秀 Dolce&Gabbana: Spring/Summer 2019 Women's Fashion Show,2018,莫妮卡·贝鲁奇,莫妮卡·贝鲁奇/伊莎贝拉·罗西里尼/卡拉·布吕尼/伊娃·赫兹格瓦/海伦娜·克里斯坦森/芭芭拉·帕尔文/莎拉·桑帕约/艾米丽·拉塔科斯基/布兰登·托马斯·李/卡梅隆·达拉斯/斯特拉·麦克斯韦/凯勒·莱恩/Sierra Dallas/布鲁娜·马尔科辛/玛丽娜·辉·巴尔博萨/迪丽热巴/崔素拉/刘春杰/梅根·考莉森/贺聪/凯伦·艾尔森/阿什利·格雷厄姆/唐赫/黛薇卡·霍内/刘欢/郑秀妍/康思佳,真人秀,无对白,意大利,8.6,2245,77.60%,6.70%,0.40%,0.40%,14.90%,343
66,30453102,堀桑与宫村君 OVA4 堀さんと宮村くん -夏風邪-,2018,相浦和也,濑户麻沙美/松冈祯丞,动画,日语,日本,8.6,551,44.90%,40.50%,13.30%,0.80%,0.40%,87
67,30273446,理想丈夫 An Ideal Husband,2018,Jonathan Church,弗莱迪·福克斯/爱德华·福克斯/弗兰西斯·巴贝/莎莉·布雷顿/内森奈尔·帕克,喜剧,英语,英国,8.6,485,42.10%,48.90%,8.30%,0.50%,0.20%,211
68,27663801,爱登堡爵士和海龙 Attenborough and the Sea Dragon,2018,迈克尔·冈顿,大卫·爱登堡,,英语,英国,8.5,179,41.50%,45.80%,11.30%,1.40%,0.00%,45
69,30256021,疯王乔治三世 National Theatre Live: The Madness of George III,2018,马修·戴蒙德,马克·加蒂斯/阿德里安·斯卡伯勒,历史,英语,英国,8.6,1016,41.60%,47.30%,10.70%,0.20%,0.20%,420
70,30201210,周六夜现场：唐纳德·格洛弗 Saturday Night Live Donald Glover/Childish Gambino,2018,唐纳德·格洛弗,唐纳德·格洛弗/Childish Gambino,喜剧,英语,美国,8.6,317,45.50%,41.20%,12.40%,0.00%,0.90%,100
71,30357977,"威尔第《茶花女》 ""The Metropolitan Opera HD Live"" Verdi: La Traviata",2018,加里·霍尔沃森,Diana Damrau/Juan Diego Flórez/Quinn Kelsey,歌舞,意大利语,美国,8.6,185,46.00%,41.30%,10.70%,0.70%,1.30%,77
72,33405298,柯南无国界：日本 Conan Without Borders: Japan,2018,Conan O'Brien,Conan O'Brien,喜剧/脱口秀,英语,美国,8.6,144,49.10%,32.70%,17.30%,0.90%,0.00%,34
73,30153340,小马国女孩 被遗忘的友谊 My Little Pony Equestria Girls: Forgotten Friendship,2018,Ishi Rudell,阿什莉·鲍尔/安德莉亚·利布曼/丽贝卡·伊索卡/塔比莎·杰曼/塔拉·斯特朗/Nicole Oliver/凯西·薇瑟乐克/凯瑟琳·巴尔/珊农·陈-肯特/詹姆斯·柯克/Ingrid Nilson/Kazumi Evans,剧情/动画/儿童/奇幻,英语,美国,8.7,105,53.30%,30.40%,14.10%,1.10%,1.10%,17
74,27615441,网络谜踪 Searching,2018,阿尼什·查甘蒂,约翰·赵/米切尔·拉/黛博拉·梅辛/约瑟夫·李/萨拉·米博·孙/亚历克丝·杰恩·高/刘玥辰/刘卡雅/多米尼克·霍夫曼/西尔维亚·米纳西安/梅丽莎·迪斯尼/康纳·麦克雷斯/科林·伍德尔/约瑟夫·约翰·谢尔勒/阿什丽·艾德纳/考特尼·劳伦·卡明斯/托马斯·巴布萨卡/朱莉·内桑森/罗伊·阿布拉姆森/盖奇·比尔托福/肖恩·奥布赖恩/瑞克·萨拉比亚/布拉德·阿布瑞尔/加布里埃尔·D·安吉尔,剧情/悬疑/惊悚/犯罪,英语,美国 / 俄罗斯,8.5,475855,38.30%,49.40%,11.50%,0.60%,0.10%,136646
75,26952704,巴斯特·斯克鲁格斯的歌谣 The Ballad of Buster Scruggs,2018,伊桑·科恩,哈利·米尔林/佐伊·卡赞/连姆·尼森/詹姆斯·弗兰科/大卫·克朗姆霍茨/汤姆·威兹/克兰西·布朗/蒂姆·布雷克·尼尔森/布莱丹·格里森/比尔·赫克/斯蒂芬·鲁特/泰恩·黛莉/拉尔夫·伊内森/切尔西·罗斯/绍尔·鲁宾内克/琼乔·奥雷尔/马修·维利希/杰西·卢肯/保罗·瑞/葛人杰·海恩斯/杰弗森·梅斯/山姆·狄龙/比利·洛克伍德/汤姆·普罗克特/E·E·贝尔/丹尼·麦卡锡/杰克莫·巴泽尔/伊索·阿克瑞恩,剧情/喜剧/爱情/悬疑/歌舞/西部,英语,美国,8.5,118886,39.40%,48.00%,11.60%,0.80%,0.20%,33373
76,27072795,幸福的拉扎罗 Lazzaro felice,2018,阿莉切·罗尔瓦赫尔,阿德里亚诺·塔尔迪奥洛/阿涅塞·格拉齐亚尼/卢卡·奇科瓦尼/阿尔芭·罗尔瓦赫尔/塞尔希·洛佩斯/纳塔利诺·巴拉索/托马索·拉尼奥/尼可莱塔·布拉斯基/达里亚·帕斯卡·阿托利尼/达维德·登奇/帕斯夸丽纳·斯昆恰,剧情/奇幻,意大利语,意大利 / 瑞士 / 法国 / 德国,8.5,104006,43.60%,42.40%,11.90%,1.50%,0.60%,38783
77,30388455,工作细胞特别篇：感冒 はたらく細胞 特別編 風邪症候群,2018,森田侑希,花泽香菜/前野智昭/小野大辅/井上喜久子/长绳麻理亚/樱井孝宏/早见沙织/杉田智和/乃村健次/江越彬纪/佐藤健辅/柳田淳一/熊谷健太郎/小林千晃/山本祥太/铃木峻汰/贯井柚佳/木村珠莉/小林裕介/古川慎/能登麻美子,动画,日语,日本,8.5,4574,38.90%,46.30%,13.80%,0.80%,0.20%,909
78,27107625,反叛的鲁路修剧场版3：皇道 コードギアス 反逆のルルーシュ Ⅲ 皇道,2018,谷口悟朗,福山润/樱井孝宏/野上尤加奈/小清水亚美/名冢佳织/绿川光/金井美香/伊藤沙织/高田裕司/真殿光昭/仓田雅世/桧山修之/私市淳/加濑康之/水岛大宙/成田剑/千叶纱子/白鸟哲/井上喜久子/新井里美/大原沙耶香/折笠富美子/杉山纪彰/保志总一朗/后藤邑子/井上伦宏/三户耕三/内田聪明/中田让治/皆川纯子/幸野善之/渡边明乃/山野井仁/河城英之介/百百麻子/若本规夫,动作/科幻/动画,日语,日本,8.6,2661,48.60%,35.30%,13.00%,1.80%,1.30%,706
79,27075281,裘力斯·恺撒 National Theatre Live: Julius Caesar,2018,尼古拉斯·希特纳,本·卫肖/米歇尔·费尔利/大卫·莫瑞瑟/大卫·卡尔德/阿卓艾·安多,传记/历史,英语,英国,8.5,1503,39.40%,47.40%,12.20%,0.70%,0.20%,643
81,30335230,来玩游戏吧 OAD あそびあそばせ OAD,2018,岸诚二,木野日菜/长江里加/小原好美/前川凉子/置鲇龙太郎/井上穗乃花/金泽舞/石见舞菜香/关根明良/岩田光央/伊泽磨纪/伊泽磨纪 Maki Izawa,喜剧/动画,日语,日本,8.5,537,45.30%,37.50%,14.70%,0.90%,1.60%,72
82,30348456,认真的重要性 The Importance of Being Earnest,2018,Michael Fentiman,Fehinti Balogun/Fiona Button/Jacob Fortune-Lloyd/Stella Gonet/Pippa Nixon/Jeremy Swift/Sophie Thompson,喜剧,英语,英国,8.5,439,37.00%,52.60%,9.80%,0.50%,0.00%,200
83,30420044,24小时不准笑：寻宝猎人24小时 絶対に笑ってはいけないトレジャーハンター24時!,2018,松本人志,松本人志/浜田雅功/远藤章造/田中直树/月亭方正,真人秀,日语,日本,8.5,177,42.50%,41.80%,14.20%,0.00%,1.50%,40
84,30316470,小马国女孩 一波三折的友谊 My Little Pony Equestria Girls: Rollercoaster of Friendship,2018,Ishi Rudell,阿什莉·鲍尔/安德莉亚·利布曼/Rebecca Shoichet/塔比莎·杰曼/塔拉·斯特朗/泰根·摩斯/詹姆斯·柯克/山姆·文森特/史葛·麦克尼尔/Richard Newman/Kazumi Evans,剧情/动画/歌舞/家庭/奇幻,英语,美国/加拿大,8.5,140,47.00%,33.30%,18.80%,0.90%,0.00%,14
85,30153316,周六夜现场：比尔·哈德尔/拱廊之火 Saturday Night Live Bill Hader/Arcade Fire,2018,比尔·哈德尔,比尔·哈德尔/拱廊之火/约翰·木兰尼/弗莱德·阿米森/约翰·古德曼,喜剧,英语,美国,8.5,143,49.50%,33.60%,14.00%,0.00%,2.80%,58
86,30318226,人生最后想听的歌曲 My Last Song,2018,小泉今日子 Kyôko Koizumi,小泉今日子 Kyôko Koizumi/树木希林/满岛光/又吉直树,真人秀,日语,日本,8.6,105,41.80%,49.40%,6.30%,0.00%,2.50%,33
87,26794701,孟买酒店 Hotel Mumbai,2018,安东尼·马拉斯,艾米·汉莫/纳赞宁·波妮阿蒂/戴夫·帕特尔/詹森·艾萨克/阿努潘·凯尔/刘承羽/安格斯·麦克拉伦/萨钦·乔伯/蒂尔达·格哈姆-哈维/维品·沙尔马/阿布罗伊·辛格/迪维亚·阿妮/桑迪普·博雅卡/齐尼亚·斯塔尔,剧情/惊悚/历史,英语 / 印地语 / 旁遮普语 / 希腊语 / 俄语 / 阿拉伯语 / 乌尔都语 / 波斯语,澳大利亚 / 美国 / 印度,8.4,179641,34.90%,51.20%,12.80%,0.90%,0.20%,46503
88,27147739,有熊谷守一在的地方 モリのいる場所,2018,冲田修一,山崎努/青木崇高/吹越满/林与一/池谷伸枝/加濑亮/树木希林/古关安广/黑田大辅/三上博史/光石研/森下能幸/中岛步/奥野瑛太/岛田久作/谷川昭一朗/吉村界人,剧情/喜剧/传记,日语,日本,8.4,25602,35.70%,48.90%,14.00%,1.10%,0.30%,10283
89,30192401,气球 Ballon,2018,米夏埃尔·赫尔比希,弗莱德里奇·穆克/卡罗利妮·舒赫/大卫·克劳斯/艾丽西娅·冯·里特贝格/托马斯·克莱舒曼/乔纳斯·霍登里德尔/蒂尔曼·多布勒/克里斯蒂安·内特/罗纳德·库克利斯/塞巴斯蒂安·胡克/乌尔里奇·布兰德霍夫/柏恩德·麦克·莱德/凯·伊沃·保利兹/贝恩德·斯特格曼/安婕·特拉乌,剧情/惊悚/历史,德语 / 英语,德国,8.4,50974,34.10%,51.80%,13.00%,0.80%,0.30%,16742
90,27608785,沉默的教室 Das schweigende Klassenzimmer,2018,拉斯·克劳梅,乔纳斯·达斯勒/汤姆·格兰门兹/米夏埃尔·格维斯戴克/罗夫·凯尼斯/布尔格哈特·克劳斯纳/莱娜·克棱克/弗洛里安·卢卡斯/伦纳德·施彻/戈茨·舒伯特/耶迪斯·特里贝尔/卡莉娜·N.维斯/罗纳尔德·策尔费尔德,剧情/历史,德语,德国,8.4,28702,34.90%,51.50%,12.30%,0.90%,0.40%,10862
91,27174539,黄阿丽：铁娘子 Ali Wong: Hard Knock Wife,2018,杰伊·卡拉斯,黄阿丽,脱口秀,英语,美国,8.5,13639,40.30%,44.10%,13.80%,1.30%,0.50%,4669
92,30337031,亚当·桑德勒：100%新鲜 Adam Sandler: 100% Fresh,2018,史蒂文·布里尔,亚当·桑德勒/罗伯·施奈德/丹·布拉,喜剧,英语,美国,8.4,1716,41.60%,40.20%,14.30%,3.20%,0.70%,717
93,27107624,反叛的鲁路修剧场版2：叛道 コードギアス 反逆のルルーシュ Ⅱ 叛道,2018,谷口悟朗,福山润/樱井孝宏/野上尤加奈/小清水亚美/名冢佳织/成田剑/折笠富美子/大原沙耶香/杉山纪彰/千叶纱子/水岛大宙/若本规夫/河城英之介/井上伦宏/三户耕三/内田聪明/保志总一朗/后藤邑子/白鸟哲/井上喜久子/山野井仁/皆川纯子/南央美/梁田清之/幸野善之/宝龟克寿/中田让治/渡边明乃/真殿光昭/桧山修之/加濑康之/新井里美/仓田雅世/高田裕司/私市淳/二又一成/岛香裕/金井美香/须藤沙织/绿川光,动画,日语,日本,8.4,2329,43.20%,38.00%,16.10%,2.10%,0.50%,401
94,30409817,鲁邦现在还在燃烧吗？ ルパンは今も燃えているか？,2018,加藤一彦,栗田贯一/小林清志/浪川大辅/泽城美雪/山寺宏一/茶风林/村治学/家中宏/浦山迅/斧笃/松浦裕美子,喜剧/动作/动画,日语,日本,8.4,249,46.10%,35.90%,14.10%,1.00%,2.90%,67
95,30404769,恐慌：2008金融危机背后不为人知的故事 Panic: The Untold Story of the 2008 Financial Crisis,2018,John Maggio,Ben Bernanke/Chris Dodd/Barney Frank/Timothy Geithner/Henry Paulson,,英语,美国,8.3,363,36.50%,47.20%,14.00%,1.00%,1.30%,101
96,30161289,加德·艾尔马莱：美国梦 Gad Elmaleh: American Dream,2018,加德·艾尔马莱,加德·艾尔马莱,喜剧/脱口秀,英语,美国,8.4,870,35.40%,48.10%,16.00%,0.30%,0.30%,285
97,30359260,手 РУКА,2018,Igor Marchenko,伊戈尔·赫里普诺夫/Svetlana Levicheva/Maxim Lagashkin,剧情,俄语,俄罗斯,8.4,231,37.40%,50.50%,8.20%,3.80%,0.00%,67
98,30419770,花：第二部 La Flor: Segunda Parte,2018,马里亚诺·利纳斯,Pilar Gamboa/Elisa Carricajo/劳拉·帕雷德斯/Valeria Correa,剧情,西班牙语 / 法语 / 英语,阿根廷,8.4,98,50.00%,29.70%,14.90%,0.00%,5.40%,38
99,30411677,职场小烈：重金属圣诞快乐 アグレッシブ烈子: We Wish You A Metal Christmas,2018,Rareko,Kaolip/加藤慎吾/小岩崎小惠/鹤田真希/Sôta Arai/井上里奈/Yukie Takahashi/Rareko/Jamison Boaz/G.K. Bowes/本·迪斯金/托德·哈伯空/塔拉·普拉特/帕特里克·赛兹,喜剧/爱情/动画/音乐,日语,美国,8.4,228,37.00%,49.10%,13.30%,0.00%,0.60%,52
101,30320877,哈利路亚！ National Theatre Live: Allelujah!,2018,Nicholas Hytner,Samuel Barnett/Sacha Dhawan/Deborah Findlay/David Moorst,剧情,英语,英国,8.4,199,33.80%,52.60%,13.00%,0.60%,0.00%,82
102,35155549,男子游泳部 第三季 TV未放送第0话 Free! -Dive to the Future- 第0話 早春のビルドアシプ！,2018,河浪荣作,岛崎信长/铃木达央/宫野真守/丰永利行/内山昂辉/木村良平/铃木千寻/细谷佳正/代永翼/平川大辅/宫田幸季/铃村健一/渡边明乃/野岛健儿/日野聪,动画/运动,日语,日本,8.5,109,50.50%,26.30%,21.10%,1.10%,1.10%,20
103,30133293,第五十二届超级碗 Super Bowl LII,2018,Bill Belichick,汤姆·布拉迪/Carson Wentz/贾斯汀·汀布莱克,运动,英语,美国,8.4,104,50.00%,29.30%,17.10%,0.00%,3.70%,30
104,30268900,假面骑士亚马逊们第一季剧场版：觉醒 劇場版 仮面ライダーアマゾンズSeason1 覚醒,2018,石田秀范,藤田富/谷口贤志/武田玲奈,,日语,日本,8.4,102,46.30%,34.10%,17.10%,0.00%,2.40%,2
105,26861685,红海行动,2018,林超贤,张译/黄景瑜/海清/杜江/蒋璐霞/尹昉/王强/郭家豪/王雨甜/麦亨利/张涵予/王彦霖,动作/战争,汉语普通话 / 阿拉伯语 / 英语 / 索马里语 / 粤语,中国大陆 / 中国香港,8.3,967507,38.00%,41.30%,17.20%,2.50%,1.00%,275070
106,26654498,爱你，西蒙 Love Simon,2018,格里格·伯兰蒂,尼克·罗宾森/詹妮弗·加纳/乔什·杜哈明/小豪尔赫·兰登伯格/凯瑟琳·兰福德/亚历山德拉·希普/洛根·米勒/凯南·朗斯代尔/特丽莎·贝特曼/托尼·海尔/娜塔莎·罗斯韦尔/迈尔斯·赫尔泽/乔伊·保罗瑞/克拉克·穆尔/德鲁·斯塔基/麦肯兹·林茨/卡萨迪·麦克林西/艾莉克斯·斯甘巴蒂/贾米拉·汤普森/艾米丽·乔丹/帕特里克·多诺霍/特雷勒·希尔/泰勒·切斯/哈龙·汗/约书亚·米克尔/尼古拉斯·斯塔格尔/南茜·德·梅奥/克里斯蒂安·奥乔·梅菲尔德/钱特尔·D·克里斯托弗/曼迪·法森/菲利普·科文/罗比·罗杰斯,喜剧/爱情/同性,英语,美国,8.3,214948,34.60%,47.30%,16.50%,1.20%,0.30%,68576
107,27018285,现在去见你 지금 만나러 갑니다,2018,李章焄,苏志燮/孙艺珍/金智焕/金贤秀/李有镇/高昌锡/李俊赫/孙云恩/裴侑蓝,剧情/爱情/奇幻,韩语,韩国,8.3,111064,36.10%,44.80%,17.30%,1.50%,0.30%,38495
108,27160618,阳光姐妹淘 SUNNY 強い気持ち・強い愛,2018,大根仁,筱原凉子/广濑铃/板谷由夏/小池荣子/友坂理惠/渡边直美/池田依来沙/山本舞香/野田美櫻/田边桃子/富田望生/三浦春马/中川雅也/新井浩文/矢本悠马,剧情/喜剧/歌舞,日语,日本,8.3,62434,35.90%,45.10%,16.90%,1.70%,0.30%,15996
109,30272143,盗梦特攻队 Ruben Brandt a gyüjtö,2018,米洛拉德·科斯蒂奇,伊万·卡马拉斯/加布里瑞拉·哈默里/佐兰·马克兰兹/乔鲍·马顿/保罗‧贝兰托尼/马特·戴维尔/卡塔琳‧东比/亨利‧格兰特/彼得·林卡/马泰‧梅萨罗什/加博尔·纳吉帕尔/维吉尼亚‧普罗德,动画/犯罪,英语 / 匈牙利语,匈牙利,8.3,50031,35.30%,47.30%,15.80%,1.40%,0.20%,19057
110,30414707,年少轻狂圣诞特辑 The Young Offenders  Christmas Special,2018,彼得·福特,克里斯·瓦利/亚历克斯·墨菲/希拉里·罗斯/多米尼克·麦克海尔/奥拉·菲茨杰拉德/P·J·加拉格尔/Demi Isaac Oviawe/詹妮弗·巴里/罗伯特·席安/沙恩·凯西,喜剧,爱尔兰,爱尔兰,8.3,3237,37.70%,41.20%,19.30%,1.50%,0.20%,714
111,30319484,买月亮的人 L'uomo che comprò la luna,2018,保罗·祖卡,Jacopo Cullin/Stefano Fresi/弗朗西斯科·潘诺菲诺/Benito Urgu/Ángela Molina/Lazar Ristovski/Federico Saba/Luciano Curelli,剧情,意大利语 / 英语 / 撒丁岛语,意大利 / 阿尔巴尼亚 / 阿根廷,8.3,473,33.50%,50.50%,14.70%,0.80%,0.50%,185
112,33392812,第71届戛纳国际电影节颁奖典礼 The 71th Cannes International Film Festival,2018,凯特·布兰切特,凯特·布兰切特/阿斯哈·法哈蒂/A·B·舒基/基里尔·谢列布连尼科夫/克里斯托弗·奥诺雷/贾樟柯/保罗·帕夫利克夫斯基/让-吕克·戈达尔/伊娃·于颂/贾法·帕纳西/是枝裕和 Hirokazu Koreeda/阿莉切·罗尔瓦赫尔/滨口龙介/斯派克·李/史蒂芬·布塞/大卫·罗伯特·米切尔/李沧东/马提欧·加洛尼/娜丁·拉巴基/扬·冈扎乐兹/谢尔盖·德瓦茨沃伊/努里·比格·锡兰/赵涛/毕赣/魏书钧/章明/杨懿陶/李文愉/王兵/卢卡斯·德霍特/阿里·阿巴西/维克多·博斯特/索菲娅·泽拉吉/马丁·斯科塞斯/加斯帕·诺/皮埃尔·沙尔瓦多利/贾尼·扎那西/艾娃·德约列/克里斯汀·斯图尔特/蕾雅·赛杜/丹尼斯·维伦纽瓦/卡嘉·楠/张震/安德烈·萨金塞夫/罗贝尔·盖迪吉昂,真人秀,法语 / 英语,法国,8.3,100,35.40%,43.10%,21.50%,0.00%,0.00%,15
113,30393848,2018 Melon Music Awards,2018,金韩彬,金韩彬/李慧彬/李多斌/成智筵（Jane）/金泰河/娜允/Daisy（柳贞安）/李珠园/李妸仁/李承利/金韶情/郑艺琳/丁恩妃/崔俞娜/黄恩菲/金艺源/洪真英/朴敏赫（Rocky）/水口裕斗/李宜缜/柳太阳/许灿/曺薇娟/米妮/徐穗珍/田小娟/宋雨琦/叶舒华/罗夏恩/李上渊/裴俊英/金泳勋/李在贤/李柱延/文炯书/崔澯熙/池昌民（Q）/周鹤年/许玹準/金善旴/孙英宰/朴初珑/尹普美/郑恩地/孙娜恩/金南珠/吴夏荣/Paul Kim（김태형 ）/金振焕/宋尹亨/金知元/金东赫/具俊会/郑粲右/金智秀/金珍妮/朴彩英/Lalisa Manobal/李旼赫/李昌燮/任炫植/辛东根（Peniel）/郑镒勋/陆星材/安智煐/禹智润/金容仙/文星伊/丁辉人/安慧真/尹智圣/河成云/黄旼炫/邕圣祐/金在奂/姜丹尼尔/朴志训/朴佑镇/裴珍映/李大辉/赖冠霖/金硕珍/闵玧其/郑号锡/金南俊/朴智旻/金泰亨/田柾国/权爀禹,音乐/真人秀,韩语,韩国,8.3,79,41.00%,42.60%,11.50%,1.60%,3.30%,22
114,30382775,上海月亮 シャンハイムーン,2018,栗山民也,野村万斋/广末凉子/鹫尾真知子/土屋佑壱/山崎一/辻万长,剧情,日语,日本,8.4,867,37.40%,46.90%,13.20%,1.60%,0.90%,314
115,30282736,茶花女 La Traviata,2015,David McVicar,Renato Palumbo/Ermonela Jaho/Francesco Demuro/Juan Jesús Rodríguez/Joan Matabosch,爱情/音乐/歌舞/戏曲,意大利语,意大利,8.3,143,29.60%,55.60%,14.80%,0.00%,0.00%,54
116,30394710,穿颅透写,2018,許哲瑜 Hsu Che-yu,,剧情/动画,汉语普通话 / 台语,中国台湾,8.3,116,36.30%,46.20%,15.40%,1.10%,1.10%,39
118,30388386,第69届NHK红白歌会 第69回NHK紅白歌合戦,2018,樱井翔,樱井翔/广濑铃/内村光良/桑子真帆/松田圣子/松任谷由实/北岛三郎/林佳树/AKB48/perfume/米津玄师/西野加奈,音乐/歌舞/真人秀,日语,日本,8.3,2419,33.60%,50.30%,14.60%,0.80%,0.80%,1092
119,27154759,全金属狂潮 Into the Blue フルメタル・パニック! イントゥ・ザ・ブルー,2018,千明孝一,关智一/雪野五月/野上尤加奈/三木真一郎/根谷美智子/大塚明夫/西村知道/田中正彦/广田行生/松本大/小川隆市/金子由之/岩松廉/山口由里子/杉田智和/石波义人/福山润/松本和香子/臼井孝康/山岸功/宗矢树赖/村井每早/室园丈裕/木村郁绘/能登麻美子/吉田小百合/栗田圭,动画,日语,日本,8.2,182,33.30%,45.40%,18.40%,2.10%,0.70%,23
120,30334073,调音师 Andhadhun,2018,斯里兰姆·拉格万,阿尤斯曼·库拉纳/塔布/拉迪卡·艾普特/安尔·德霍万/马纳夫·维吉/阿什维尼·卡尔塞卡/查亚·卡达姆/萨基尔·侯赛因/拉什米·阿格德卡/莫希尼·凯瓦拉曼,喜剧/悬疑/惊悚/犯罪,印地语 / 英语,印度,8.2,870675,32.20%,48.90%,16.70%,1.90%,0.30%,233440
121,26640371,犬之岛 Isle of Dogs,2018,韦斯·安德森,布莱恩·科兰斯顿/爱德华·诺顿/科宇·兰金/列维·施瑞博尔/比尔·默瑞/杰夫·高布伦/鲍勃·巴拉班/野村训市/格蕾塔·葛韦格/斯嘉丽·约翰逊/蒂尔达·斯文顿/弗兰西斯·麦克多蒙德/罗曼·科波拉/卡拉·海沃德/高山明/伊藤晃/哈威·凯特尔/F·默里·亚伯拉罕/小野洋子/渡边谦/夏木真理/费舍·史蒂芬斯/村上虹郎/考特尼·万斯/安杰丽卡·休斯顿/野田洋次郎/山田孝之/秋元梢/松田翔太/松田龙平/池田依来沙/杰克·莱恩/育乃介/儿玉太智/卡琳·奥克索/弗兰克·伍德/爱德华·博奇,喜剧/动画/冒险,英语 / 日语,德国 / 日本 / 美国 / 英国,8.2,221510,32.50%,49.40%,16.50%,1.30%,0.30%,69525
122,1950330,罗马 Roma,2018,阿方索·卡隆,雅利扎·阿巴里西奥/玛丽娜·德·塔维拉/迭戈·科蒂娜·奥特里/卡洛斯·佩拉尔塔/马科·格拉夫/丹妮拉·德米萨/南茜·加西亚/维罗妮卡·加西亚/安迪·科特斯/费尔南多·格雷迪亚加/豪尔赫·安东尼奥·格雷罗/拉丁·洛弗,剧情/家庭,西班牙语 / 英语 / 日语 / 德语 / 法语 / 挪威语 / 米斯特克语,墨西哥 / 美国,8.2,137199,30.40%,49.70%,17.70%,1.80%,0.30%,47924
123,27185563,日日是好日,2018,大森立嗣,黑木华/树木希林/多部未华子/原田麻由/川村纱也/滝泽惠/山下美月/郡山冬果/冈本智礼,剧情,日语,日本,8.2,45983,31.90%,48.80%,17.90%,1.20%,0.20%,19220
124,26729867,昆虫总动员2——来自远方的后援军 Minuscule 2 -  Les mandibules du bout du monde,2018,海琳·吉罗,布鲁诺·萨拉曼/蒂埃里·弗雷蒙/斯特凡·库隆/让·南加/萨拉·科恩-阿德里亚/让-保罗·居永/博·高缇耶·代·克莫尔/弗兰克·贝内克/吕克·莫文,动画,无对白,法国 / 中国大陆,8.2,18397,29.60%,52.70%,16.30%,1.20%,0.30%,8163
125,27042467,摇摆狂潮 스윙키즈,2018,姜炯哲,都暻秀/朴惠秀/吴政世/金民浩/朴真珠/白仁权/杰瑞德·格里姆斯/罗斯·凯特尔,剧情/歌舞/战争,韩语,韩国,8.2,50052,32.80%,46.60%,18.00%,2.10%,0.60%,17612
126,30140231,沦落人 淪落人,2018,陈小娟,黄秋生/克里瑟尔·孔松希/叶童/李灿森/黄定谦/黄素欢/梁健怡/刘朝健/黄翠仪,剧情,粤语,中国香港,8.2,38753,31.10%,50.10%,17.10%,1.20%,0.40%,14877
127,26793852,信笺故事 The Tale,2018,珍妮芬·福克斯,劳拉·邓恩/约翰·赫德/伊丽莎白·德比茨基/科曼/艾伦·伯斯汀/弗兰西丝·康罗伊/杰森·雷特/劳拉·爱伦/伊莎贝尔·内利瑟/伊莎贝拉·阿玛拉/切尔西·阿尔登/马修·劳奇/贾克琳·弗莱明/蒂娜·帕克/乔迪·朗/诺亚·罗麦克斯/艾米莉·桑迪弗/斯科特·武田/索姆·毕绍普斯,剧情,英语,美国,8.2,29633,28.40%,55.00%,15.10%,1.10%,0.30%,10826
128,27165968,少年泰坦出击电影版 Teen Titans Go! To the Movies,2018,亚伦·霍瓦斯,尼古拉斯·凯奇/克里斯汀·贝尔/威尔·阿奈特/塔拉·斯特朗/詹姆斯·柯登/卡里·佩顿/格雷格·西佩斯/斯坦·李/哈尔希/吉米·坎摩尔/斯科特·门维尔/海登·瓦尔希/达纳·斯耐德/Lil Yachty,喜剧/动作/动画,英语,美国,8.2,6131,34.40%,44.00%,18.60%,2.20%,0.80%,2265
129,30313854,海贼王特别篇：空岛之章 ワンピース エピソードオブ 空島,2018,宇田钢之助,田中真弓/冈村明美/中井和哉/山口胜平/平田广明/大谷育江/山口由里子/森川智之/大塚芳忠/内田直哉/柴田秀胜/高户靖广/太田真一郎/高冢正也/竹本英史/相泽正辉/高桥理惠子/铃木真仁/皆口裕子/木内玲子/新井良平/谷昌树/间宫康弘/增谷康纪/菊池正美/圭介/服卷浩司/藤本隆弘/半田裕典/千叶俊哉/蟹江俊介/五味洸一/深川和征/坂井易直/香里有佐/石桥桃/竹田海渡/宫园拓梦/关根有咲/长江里加/山根绮/村濑敦美/吉冈夏希/市川猿之助/大场真人,动画,日语,日本,8.2,1266,36.40%,42.30%,19.10%,1.10%,1.20%,149
130,30269402,一个美国人在巴黎 An American in Paris: The Musical,2018,Christopher Wheeldon,Ashley Andrews/Sophie Apollonia/Zoe Arshamian/罗伯特·菲尔柴尔德/Leanne Cope,歌舞,英语,英国,8.2,2034,29.40%,51.40%,17.80%,1.10%,0.40%,1028
131,27205124,女儿的结婚 娘の結婚,2018,松本佳奈,中井贵一/波瑠,剧情,日语,日本,8.2,504,29.00%,52.50%,18.00%,0.30%,0.30%,148
132,27124862,假面骑士EX-AID Trilogy Another Ending  Part I 假面骑士Brave&假面骑士Snipe 仮面ライダーブレイブ＆スナイプ,2018,铃村展弘,濑户利树/松本享恭/饭岛宽骑/岩永彻也/松田流花/小野塚勇人/黑崎莉奈/中川可菜/小手伸也/诹访部顺一/柳百合菜/哈利杉山/贵水博之,,日语,日本,8.2,623,35.60%,43.90%,17.70%,2.00%,0.70%,107
133,27622744,英王加冕 The Coronation,2018,Harvey Lilley,Queen Elizabeth II/Alastair Bruce,紀錄片 Documentary,英語 English,英國 UK,8.2,359,25.60%,59.10%,14.20%,0.40%,0.70%,110
134,27607377,幽游白书外传 幽遊白書 「TWO SHOTS」「のるか そるか」,2018,阿部记之,天野由梨/千叶繁/桧山修之/深雪早苗/绪方惠美/佐佐木望,动作/动画/奇幻/冒险,日语,日本,8.2,295,40.20%,37.40%,18.70%,1.90%,1.90%,91
135,30442649,The Guy Who Didn't Like Musicals,2018,Nick Lang,Jon Matteson/Lauren Lopez/Joey Richter/Jaime Lyn Beatty/Corey Dorris/Robert Manion/Mariah Rose Faith/Jeff Blim,喜剧/歌舞,英语,美国,8.2,175,30.90%,52.30%,13.40%,1.30%,2.00%,83
136,30191945,酒神巴克科斯：狂欢之神 Bacchus Uncovered: Ancient God of Ecstasy,2018,Nick Gillam-Smith,Bettany Hughes,紀錄片 Documentary,英語 English,英国,8.2,265,31.80%,48.30%,17.50%,1.40%,0.90%,79
137,30268901,假面骑士亚马逊们第二季剧场版：轮回 劇場版 仮面ライダーアマゾンズSeason2 輪廻,2018,石田秀范,藤田富/谷口贤志/武田玲奈,,日语,日本,8.3,87,45.20%,28.80%,23.30%,0.00%,2.70%,4
138,35324522,拉美莫尔的露琪亚 Lucia di Lamermoor,2018,Raul Hernandez Garrido,Lisette Oropesa/Javier Camarena/Artur Rucinski/Roberto Tagliavini/石倚洁/Marina Pinchuk/Alejandro del Cerro,音乐/戏曲,意大利语,西班牙,8.1,85,25.70%,54.30%,20.00%,0.00%,0.00%,44
139,24773958,复仇者联盟3：无限战争 Avengers: Infinity War,2018,安东尼·罗素,小罗伯特·唐尼/克里斯·海姆斯沃斯/克里斯·埃文斯/马克·鲁弗洛/乔什·布洛林/佐伊·索尔达娜/本尼迪克特·康伯巴奇/克里斯·帕拉特/汤姆·赫兰德/伊丽莎白·奥尔森/保罗·贝坦尼/斯嘉丽·约翰逊/查德维克·博斯曼/塞巴斯蒂安·斯坦/唐·钱德尔/汤姆·希德勒斯顿/安东尼·麦凯/本尼迪克特·王/戴夫·巴蒂斯塔/布莱德利·库珀/范·迪塞尔/凯伦·吉兰/利蒂希娅·赖特/庞·克莱门捷夫/凯莉·库恩/汤姆-沃恩-劳勒/海登·瓦尔希/迈克尔·詹姆斯·肖/泰瑞·诺塔里/本尼西奥·德尔·托罗/彼特·丁拉基/罗斯·马昆德/丹娜·奎里拉/温斯顿·杜克/弗洛伦丝·卡松巴/塞缪尔·杰克逊/雅各布·巴特朗/斯坦·李,动作/科幻/奇幻/冒险,英语,美国,8.1,741085,33.40%,43.50%,19.80%,2.40%,0.90%,204000
140,26336252,碟中谍6：全面瓦解 Mission: Impossible - Fallout,2018,克里斯托弗·麦奎里,汤姆·克鲁斯/亨利·卡维尔/文·瑞姆斯/西蒙·佩吉/丽贝卡·弗格森/西恩·哈里斯/安吉拉·贝塞特/凡妮莎·柯比/米歇尔·莫纳汉/韦斯·本特利/费雷德里克·施密特/亚历克·鲍德温/杨亮/克里斯托弗·约纳尔/沃尔夫·布利策/拉斐尔·琼勒/安德鲁·卡扎纳夫·平/克里斯多夫·德·舒瓦西/拉裴尔·德普雷/让·巴普蒂斯特·菲永/马克斯·盖勒/奥利维尔·体班德/亚历山大·普尔/阿利克斯·贝纳泽什/乔伊·安沙/维利贝·托皮奇/格雷厄姆·福克斯/卡斯珀·菲利普森/菲恩·乔利/鲁斯·贝恩/奈杰尔·艾伦,动作/惊悚/冒险,英语 / 法语,美国 / 中国大陆 / 法国 / 挪威 / 英国,8.1,480479,27.50%,50.80%,19.90%,1.60%,0.30%,133586
141,27172891,大象席地而坐,2018,胡波,彭昱畅/章宇/王玉雯/李丛喜/董向荣/王柠/赵燕国彰/朱颜曼滋/凌正辉/王超北/王雪洋,剧情,汉语普通话,中国大陆,8.1,174555,31.20%,46.10%,18.30%,3.20%,1.10%,64060
142,27093707,升级 Upgrade,2018,雷·沃纳尔,罗根·马歇尔-格林/梅拉里·沃列何/哈里森·吉尔伯特森/本尼迪克·哈迪/克里斯托弗·卡比/理查德·考索恩/琳达·克罗珀/贝蒂·加布里埃尔/罗斯科·坎贝尔/理查德·阿纳斯塔西奥斯/史蒂夫·丹尼尔森/迈克尔·M·福斯特/雷纳·加拉赫/克莱顿·雅各布森,动作/科幻/惊悚,英语,美国 / 澳大利亚,8.1,148755,28.30%,52.40%,18.10%,1.10%,0.20%,41154
143,30194769,女孩 Girl,2018,卢卡斯·德霍特,维克托·波尔斯特/阿里耶·沃索尔特/奥利弗·博达特/蒂伊门·戈瓦尔茨/卡特简·达门/瓦伦提金·达恩斯/克里斯·泰斯/安吉洛·提森/艾莉西亚·德佩克,剧情/同性,法语 / 弗拉芒语 / 英语,比利时 / 荷兰,8.1,36352,24.90%,56.60%,17.20%,1.00%,0.40%,14001
144,26359235,克里斯托弗·罗宾 Christopher Robin,2018,马克·福斯特,伊万·麦克格雷格/海莉·阿特维尔/勃朗特·卡迈克尔/马克·加蒂斯/奥利弗·福德·戴维斯/阿德里安·斯卡伯勒/罗杰·阿什顿-格里菲斯/阿曼达·劳伦斯/凯蒂·卡迈克尔/特里斯坦·斯特罗克/保罗·查希迪/迈克尔·吉恩/舒雅德·法瑞斯/马特·贝里/西蒙·法纳比/麦肯锡·克鲁克/吉姆·卡明斯/布拉德·加内特/尼克·穆罕默德/彼得·卡帕尔迪/苏菲·奥康内多/托比·琼斯/李·阿斯奎斯-柯/罗伊·贝克/金塔雷·贝尼奥拉维特/贝恩·科拉科/托马斯·派登/库姆德潘特/理查德·谢尔曼/彼得·辛格/卡罗尔·斯蒂尔/艾薇·维,喜剧/动画/冒险,英语,美国,8.1,37256,32.20%,43.90%,21.40%,2.10%,0.40%,13691
145,26878883,野梨树 Ahlat Ağacı,2018,努里·比格·锡兰,岛吾·德米尔考/穆拉特·杰姆吉尔/本努·耶勒德热姆拉尔/哈扎尔·埃尔居奇卢/塞尔坎·凯斯金/塔梅尔·莱文特/厄内尔·埃尔坎/里法特·桑贾尔/阿克·阿克苏/卡迪尔·瑟米克/欧扎·费什特,剧情,土耳其语,土耳其 / 马其顿 / 法国 / 德国 / 波黑 / 保加利亚 / 瑞典,8.1,17868,30.20%,49.10%,18.00%,2.20%,0.60%,8453
146,34454589,皮胡 Pihu,2018,卡普里·维诺德,拉胡尔·巴加/皮胡·迈拉·维什瓦卡玛/普雷拉娜·维什瓦卡玛,,印地语,印度,8,6920,25.50%,54.00%,18.50%,1.50%,0.50%,2946
147,27191405,进击的巨人剧场版：觉醒的咆哮 劇場版 進撃の巨人 Season 2 〜覚醒の咆哮〜,2018,荒木哲郎,梶裕贵/石川由依/井上麻里奈/下野纮/小林优/三上枝织/藤田咲/细谷佳正/桥诘知久/谷山纪章/岛村侑/津田健次郎/朴璐美/小野大辅/神谷浩史/子安武人,动画/灾难,日语,日本,8.2,7413,35.80%,41.30%,19.40%,2.00%,1.50%,1228
148,27145404,紧急救命 劇場版 コード・ブルー-ドクターヘリ緊急救命-,2018,西浦正记,山下智久/新垣结衣/户田惠梨香/比嘉爱未/浅利阳介/有冈大贵/成田凌/新木优子/马场富美加/新田真剑佑/片濑梨乃/山谷花纯/丸山智己/平野生成/杉本哲太/安藤政信/椎名桔平,剧情,日语,日本,8.1,9420,35.20%,39.40%,21.40%,3.20%,0.70%,3366
149,30148183,独孤：倒回 독고 리와인드,2018,崔恩重,吴世勋/姜美娜/李济延/金熙镇/姜多贤/安普贤,动作,韩语,韩国,8.1,4745,45.60%,28.90%,16.50%,4.80%,4.10%,1646
150,26754734,狼屋 La casa lobo,2018,乔奎因·科西纳,阿玛莉亚·卡西尼/雷纳·克劳斯,剧情/动画/恐怖,西班牙语 / 德语,智利 / 德国,8.1,4172,33.70%,44.20%,17.70%,3.20%,1.30%,1804
151,27032656,1985,2018,陈俊彦,科里·迈克尔·史密斯/维吉妮娅·马德森/迈克尔·切克利斯/艾丹·朗福德/郑智麟/比尔·赫克/瑞恩·皮尔斯·威廉姆斯/蒂娜·帕克/亚历克斯·妮科尔·麦康诺/戴维·奥佩贝米/布赖恩·马西,剧情/同性,英语,美国,8.1,2636,28.30%,50.80%,18.20%,1.90%,0.90%,1107
152,30327577,哆啦A梦生日SP：鲸与梦幻水管岛 ドラえもん誕生日スペシャル「クジラとまぼろしのパイプ島」,2018,大杉宜弘,水田山葵/大原惠美/嘉数由美/木村昴/关智一/三石琴乃/松本保典/朴璐美/茅野爱衣/三田友子/桧山修之/鹿糠光明/上村典子/志村贵博/梯笃司/泽木郁也/林勇/设乐麻美/岩端卓也,动画,日语,日本,8.1,243,35.20%,41.20%,19.10%,3.50%,1.00%,38
153,30186526,寒冷的高山有犀牛,2018,张天艾,夏宗武/夏宗超,儿童,汉语普通话,中国大陆,8.1,374,39.40%,33.30%,21.20%,6.10%,0.00%,123
154,30291513,新网球王子BEST GAMES!! 手塚vs跡部 テニスの王子様 BEST GAMES!! 手塚 vs 跡部,2018,川口敬一郎,置鲇龙太郎/诹访部顺一/皆川纯子/近藤孝行/甲斐田幸/津田健次郎/高桥广树/川本成/小野坂昌也/喜安浩平/木内秀信/保志总一朗/楠田敏之/浪川大辅/鹤冈聪/小杉十郎太/池田政典,动画,日语,日本,8.1,348,36.30%,38.40%,21.20%,3.40%,0.70%,71
155,30167540,迪米特利·马丁：想太多 Demetri Martin: The Overthinker,2018,杰伊·卡拉斯,迪米特利·马丁,喜剧,英语,美国,8.1,246,30.10%,49.20%,17.10%,2.60%,1.00%,94
157,27621579,玛琪，玛雅，米娅 Matangi/Maya/M.I.A.,2018,Steve Loveridge,M.I.A.,剧情/音乐/传记,英语,美国 / 英国,8.2,317,32.10%,46.90%,18.90%,0.80%,1.20%,119
158,27113500,魔法少女奈叶 Detonation 魔法少女リリカルなのは Detonation,2018,滨名孝行,田村由香里/水树奈奈/植田佳奈/户松遥/佐藤聪美/日笠阳子/清水香里/真田麻美/柚木凉香/一条和矢/野上尤加奈/阿澄佳奈,科幻/动画/奇幻,日语,日本,8.1,207,40.90%,36.30%,15.20%,2.30%,5.30%,65
159,30111905,霜冻将至 Før frosten,2018,迈克尔·诺尔,加斯帕·克里斯滕森/马格努斯·克雷佩/格茜塔·诺比,剧情,丹麦语 / 瑞典语,丹麦,8.1,143,27.60%,50.00%,21.60%,0.90%,0.00%,62
160,30323002,摩尔的审判 Murer: Anatomie eines Prozesses,2018,Christian Frosch,,剧情/历史,德语,奥地利 Austria,8.1,127,30.60%,47.20%,20.40%,1.90%,0.00%,61
161,30177685,快盗战队鲁邦连者VS警察战队巡逻连者 en film 快盗戦隊ルパンレンジャーVS警察戦隊パトレンジャー en film,2018,杉原辉昭,工藤遥/伊藤 あさひ/结木滉星/滨正悟/横山凉/奥山 かずさ/元木圣也/温水洋一 Yôichi Nukumizu,动作,日语,日本,8,123,34.70%,36.60%,25.70%,2.00%,1.00%,19
162,30191913,三便士电影 Dreigroschenfilm,2018,Joachim Lang,拉斯·艾丁格/汉娜·赫茨施普龙/佩莉·鲍麦斯特,剧情,德语,德国,8.2,71,32.70%,47.30%,16.40%,3.60%,0.00%,38
163,26830678,萌犬流浪记 언더독,2018,吴成允,都暻秀/朴素丹/朴哲民,动画/冒险,韩语,韩国,8.1,77,46.40%,21.40%,25.00%,5.40%,1.80%,15
164,27154758,全金属狂潮 One Night Stand フルメタル・パニック! ワン・ナイト・スタンド,2018,千明孝一,关智一/雪野五月/野上尤加奈/三木真一郎/根谷美智子/大塚明夫/西村知道/千叶进步/浅野真由美/室园丈裕/福山润/木村郁绘/菊池志穗/高桥美佳子/高桥智秋/半场友惠/松本大/松田佑贵/山岸功/增谷康纪,动画,日语,日本,8,200,31.40%,44.00%,19.50%,3.10%,1.90%,25
166,27110296,无名之辈,2018,饶晓志,陈建斌/任素汐/潘斌龙/章宇/王砚辉/九孔/马吟吟/程怡/宁桓宇/邓恩熙/谢波/范翔/赵梓冲/史策/马睿瀚/林海/邓钢,剧情/喜剧,汉语普通话 / 贵州方言,中国大陆,8,960188,28.70%,47.50%,20.50%,2.70%,0.50%,269925
167,26425063,无双 無雙,2018,庄文强,周润发/郭富城/张静初/冯文娟/廖启智/周家怡/王耀庆/方中信/高捷/邢佳栋/张松枝/张建声/吴嘉龙/孙佳君,剧情/动作/悬疑/犯罪,汉语普通话 / 粤语 / 英语 / 泰语 / 波兰语,中国大陆 / 中国香港,8,875998,25.50%,52.20%,20.10%,1.80%,0.30%,246310
168,20438964,无敌破坏王2：大闹互联网 Ralph Breaks the Internet,2018,菲尔·约翰斯顿,约翰·C·赖利/萨拉·西尔弗曼/盖尔·加朵/塔拉吉·P·汉森/杰克·麦克布瑞尔/简·林奇/艾伦·图代克/阿尔弗雷德·莫里纳/艾德·奥尼尔/肖恩·吉布朗尼/弗卢拉·博格/蒂莫西·西蒙斯/黄阿丽/韩秘书·布雷克/葛洛泽尔·格林/瑞贝卡·薇索基/山姆·理查森/雅布其·杨-怀特/莫里斯·拉马奇/梅丽莎·维亚西诺尔/凯蒂·洛斯/贾米·埃曼/霍拉提奥·桑斯/亚历克斯·莫法特/朱恩·斯奎布/德拉·萨巴/菲尔·约翰斯顿/约翰·迪·马吉欧/瑞奇·摩尔/科琳·巴林杰/达尼·费尔南德斯/蒂芙妮·赫雷拉/阿娜·奥缇兹/迪安娜·阿格隆/杰森·曼楚克斯/雷蒙德·S·佩尔西/伏霞/罗杰·克莱格·史密斯/蒂姆·艾伦/布拉德·加内特/安东尼·丹尼尔斯/科里·伯顿/范·迪塞尔/维韦卡·波林/迈克·吉亚奇诺/凯文·迪特斯/尼可·斯彻金格/丹·雷诺斯/艾琳·贝达/克里斯汀·贝尔/裘蒂·班森/奥丽伊·卡瓦洛/詹妮弗·黑尔/凯特·希金斯/琳达·拉金/凯莉·麦克唐纳/伊迪娜·门泽尔/曼迪·摩尔/佩吉·奥哈拉/帕米拉·里本/阿尼卡·诺尼·罗斯/温明娜/珍妮卡·贝尔格雷/比尔·哈德尔,喜剧/动画/奇幻/冒险,英语,美国,8,360458,28.70%,46.20%,22.60%,2.10%,0.30%,106170
169,26842702,燃烧 버닝,2018,李沧东,刘亚仁/史蒂文·延/全钟瑞/金秀京/崔承浩/玉子妍,剧情/悬疑/犯罪,韩语,韩国,8,329822,29.40%,47.40%,19.60%,2.60%,1.00%,100198
170,27166442,夏目友人帐 劇場版 夏目友人帳 ～うつせみに結ぶ～,2018,大森贵弘,神谷浩史/井上和彦/高良健吾/小林沙苗/藤村步/村瀬步/伊藤美纪/伊藤荣次/堀江一真/佐藤利奈/木村良平/菅沼久义/泽城美雪/石田彰/雪野五月/川澄绫子/樋口晓里/冈村明美/黑田崇矢/长岛雄一/松山鹰志/下崎纮史/知桐京子/高冈瓶瓶/落合福嗣/金田晶/高桥伸也/松川裕辉/塙爱美/户松拳也/香里有佐/小田切茜/三谷绫子/小峠英二/西村瑞树/堀秀行/岛本须美,剧情/动画/奇幻,日语,日本,8,179458,28.20%,45.90%,23.40%,2.00%,0.40%,65578
171,30188243,不能说的游戏 Les chatouilles,2018,安德丽·贝斯孔,安德丽·贝斯孔/嘉莲·维雅/克洛维斯·科尔尼亚克/皮埃尔·德隆尚/格雷戈里·蒙泰尔/卡罗尔·法兰克/Gringe/阿丽亚娜·阿斯卡里德/西里尔·梅莱斯/埃里克·梅泰耶/亚力克西斯·马沙利克/亚尼斯·马歇尔/皮埃尔·福雷/克莱蒙·梅特耶/雅克·弗朗茨,剧情,法语,法国,8,12438,23.50%,55.10%,19.40%,1.60%,0.30%,5363
172,27108740,家族之苦3 妻よ薔薇のように 家族はつらいよIII,2018,山田洋次,桥爪功/吉行和子/西村雅彦/夏川结衣/中岛朋子/林家正藏/妻夫木聪/苍井优/藤山扇治郎/广冈由里子/北山雅康/大沼柚希/小林飒/小川绘莉/徳永雄辉/小林稔侍/风吹淳/木场胜己/立川志らく/笹野高史/笑福亭鹤瓶,喜剧/家庭,日语,日本,8,21043,25.30%,51.50%,21.60%,1.30%,0.30%,8060
173,26999591,牵牛花与加濑同学。 あさがおと加瀬さん。,2018,佐藤卓哉,高桥未奈美/佐仓绫音/木户衣吹,爱情/动画/同性,日语,日本,8.1,6551,34.80%,38.10%,22.80%,3.60%,0.70%,2240
174,27140066,Re：从零开始的异世界生活 雪之回忆 Re:ゼロから始める異世界生活 Memory Snow,2018,渡边政治,小林裕介/高桥李依/内山夕实/水濑祈/村川梨衣/新井里美/子安武人/高野麻里佳/小林由美子/石上静香/筱田南/芳野由奈/桑原由气/木岛隆一,动画/奇幻,日语,日本,8,4983,32.20%,41.70%,22.60%,2.90%,0.60%,950
175,26979208,文豪野犬 Dead Apple 文豪ストレイドッグス Dead Apple,2018,五十岚卓哉,上村祐翔/宫野真守/小野贤章/谷山纪章/诸星堇/细谷佳正/神谷浩史/丰永利行/花仓洸幸/岛村侑/小见川千明/小山力也/宫本充/雨宫天/诹访部顺一/福山润/石田彰/中井和哉/高桥李依/手冢弘道/中村千绘/中博史/坂本真绫,动作/动画,日语,日本,8,6708,31.70%,39.60%,25.30%,2.90%,0.60%,2131
176,26988000,开战 En guerre,2018,史蒂芬·布塞,文森特·林顿/梅兰妮·罗弗/雅克·博尔德里/戴维·雷伊/奥利维尔·斯勒梅尔/伊莎贝尔·鲁芬,剧情,法语,法国,8,6834,24.10%,53.50%,19.70%,1.80%,0.80%,3428
177,30206287,独家记忆 Snapshots,2018,梅勒妮·梅隆,派珀·劳瑞/布瑞特·迪尔/布鲁克·亚当斯/艾米丽·芭尔多尼/艾米丽·高斯/香农·克里斯/马克斯·阿德勒/凯茜·德博诺/沙纳·萨林,剧情/同性,英语,美国,8,4642,29.00%,46.70%,21.20%,2.60%,0.50%,1667
178,27092645,一个叫小小船的男孩 A Boy Called Sailboat,2018,Cameron Nugent,J·K·西蒙斯/杰克·布塞/诺尔·古格雷米/卢·坦普尔/丽莎·德·拉佐/伯纳德·库里/Patricia Kalis/Jamille James/尼克·法内尔/Julian Atocani Sanchez/Addam Bramich/Miranda Skerman/Keanu Wilson/Zeyah Pearson/杰西卡佩斯,剧情/喜剧/家庭,英语 / 西班牙语,美国 / 澳大利亚,8,1845,27.10%,50.20%,20.00%,2.30%,0.50%,678
179,30337030,乔·罗根：世风日下 Joe Rogan: Strange Times,2018,Anthony Giordano,Joe Rogan,喜剧,英语,美国,8,487,30.30%,43.80%,21.80%,3.00%,1.30%,162
180,30408074,2019江苏卫视跨年演唱会,2018,周华健,周华健/蔡依林/朴树/张靓颖/汪苏泷/李荣浩/李宇春/邓紫棋/毛不易/刘维/李艺彤/薛之谦/陈伟霆/蔡卓妍/钟欣潼/张杰/刘宇宁/蔡一智/蔡一杰/苏志威/林志玲/林俊杰/李响/张纯烨/李好,音乐/歌舞,汉语普通话,中国大陆,8,846,29.40%,47.10%,19.60%,3.90%,0.00%,264
181,27124863,假面骑士EX-AID Trilogy Another Ending  Part II 假面骑士Para-DX with 假面骑士Poppy 仮面ライダーパラドクスwithポッピー,2018,铃村展弘,甲斐翔真/松田流花/饭岛宽骑/小野塚勇人/町井祥真/宇野祥平/柳百合菜/贵水博之,,日语,日本,8.1,583,28.60%,48.90%,21.10%,1.20%,0.20%,88
182,27204504,比莱 Bille,2018,伊娜拉·科尔曼,Ruta Kronberga/Elina Vane/Arturs Skrastins/Gundars Abolins/Lauma Balode/Lolita Cauka/威利斯·道金斯/Maija Doveika/Peteris Liepins/Lilita Ozolina/Intars Resetins/古娜·扎丽娜,剧情,拉脱维亚语,拉脱维亚,7.7,304,21.10%,48.80%,26.40%,2.90%,0.80%,117
183,30304648,秘密结晶 密やかな結晶,2018,郑义信,石原里美/铃木浩介/村上虹郎/山内圭哉/藤原季节/山田詹姆斯武/福山康平/风间由次郎,剧情/奇幻,日语,日本,8,195,38.30%,33.80%,18.80%,5.30%,3.80%,45
184,33418570,柯南秀：国际漫画节《绝命毒师》10周年专访 Conan: The Cast and Creator of 'Breaking Bad',2018,柯南·奥布莱恩,柯南·奥布莱恩/安迪·里克特/布莱恩·科兰斯顿/亚伦·保尔/安娜·冈/迪恩·诺里斯/贝琪·勃兰特/RJ·米特/鲍勃·奥登科克/吉安卡罗·埃斯波西托/文斯·吉里根/Jimmy Vivino/Catherine Adell/布莱克.安德森/Monica Bhatnagar/杰森·博格斯/Erica Dawson/Alex Fernie/Gabriela Fresquez/克里斯·吉尔/小比利·格里芬/Megan Heyn/罗布·许贝尔/布兰登·约翰逊/科甘-迈克尔·凯 Keegan-Michael Key/大卫·科恩查内/Kira Legg/瑞琪·琳德赫姆/Levi MacDougall,脱口秀,英语,美国,8,90,31.80%,39.40%,24.20%,4.50%,0.00%,17
185,30176405,脑中蜜 Head Full of Honey,2018,蒂尔·施威格,尼克·诺特/马特·狄龙/艾米莉·莫迪默/杰奎琳·比塞特/埃里克·罗伯茨/克莱尔·弗兰妮/蒂尔·施威格/科斯塔·罗宁/麦斯米兰·贝佛特/阿利斯泰尔·布拉默/蒂姆·维尔德/穆拉利·佩鲁马尔,剧情,英语,德国 / 美国,8,1306,31.40%,43.70%,21.50%,2.20%,1.20%,362
186,30394725,自我的会饮 Egó Sympósion,2016,森村泰昌 Yasumasa Morimura,森村泰昌 Yasumasa Morimura,剧情/奇幻,日语,日本,8,196,27.30%,54.50%,13.60%,2.30%,2.30%,73
187,30133272,周六夜现场：娜塔莉·波特曼/杜阿·利帕 Saturday Night Live Natalie Portman/Dua Lipa,2018,娜塔莉·波特曼,娜塔莉·波特曼/杜阿·利帕/蒂娜·菲/瑞秋·德拉彻/亚历克·鲍德温/安迪·萨姆伯格,脱口秀,英语,美国,8,179,32.80%,40.00%,21.60%,4.00%,1.60%,60
188,30238932,曹操与杨修,2018,滕俊杰,尚长荣/言兴朋,戏曲,汉语普通话,中国大陆,8,671,36.70%,40.00%,13.30%,6.70%,3.30%,222
189,30167148,上帝未死3 God's Not Dead: A Light in Darkness,2018,迈克尔·梅森,戴维·怀特/约翰·考伯特/肖恩·哈珀/特德·麦金利/詹妮弗·泰勒/塔图姆·奥尼尔/本杰明·奥切恩格/格雷戈里·艾伦·威廉斯/萨曼莎·波斯卡瑞诺/迈克·C·曼宁/希韦泽/茜茜·休斯顿,剧情,英语,美国,8,148,44.10%,25.40%,21.20%,5.90%,3.40%,31
190,34960927,最后一个柏林人 Der Letzte Mieter,2018,Gregor Erler,佩嘉·费多尼/塞巴斯蒂安·阿基里斯/Maximilian Brauer/马提亚斯·齐辛/Christopher Cornelsen/Henrike Hahn/Tom Keune,剧情/惊悚,德语,德国,8,132,28.30%,49.10%,17.00%,4.70%,0.90%,58
191,27109288,证人 Svideteli,2017,Konstantin Fam,弗亚切斯拉夫·切普尔琴科/安娜·邱丽娜/Marta Drozdova,历史/战争,俄语,俄罗斯,7.8,117,25.30%,46.20%,24.20%,3.30%,1.10%,39
192,33218482,谁是凶手 Niet Schieten,2018,斯泰恩·科宁克斯,简·德克莱尔/薇薇安·德·莫恩科/Mo Bakker/Kes Bakker/Jonas Van Geel/Inge Paulussen/Louis Talpe/Elke Van Mello/Zita Wauters/Ann Tuts/Lucas Van den Eynde/Charlotte De Bruyne/Nico Sturm/Bert Haelvoet/Aziz Bouhkzar,剧情,荷兰语 / 法语,比利时,8,94,29.50%,44.90%,23.10%,2.60%,0.00%,18
193,26725678,解除好友2：暗网 Unfriended: Dark Web,2018,斯蒂芬·苏斯科,科林·伍德尔/斯蒂芬妮·诺格拉斯/瑞贝卡·瑞滕豪斯/安德鲁斯·李斯/贝蒂·加布里埃尔/康纳·戴尔·里奥/萨维拉·温蒂亚尼/切尔西·阿尔登/道格拉斯·泰特/阿什顿·斯迈利/阿历萨·芒索,恐怖/犯罪,英语,美国,7.9,192574,24.60%,50.00%,22.20%,2.50%,0.80%,55055
194,30135113,骡子 The Mule,2018,克林特·伊斯特伍德,克林特·伊斯特伍德/布莱德利·库珀/劳伦斯·菲什伯恩/迈克尔·佩纳/黛安·韦斯特/安迪·加西亚/艾莉森·伊斯特伍德/泰莎·法米加/伊格纳西奥·塞利齐奥/劳恩·迪恩/尤金·科德罗/理查德·赫德/乔·奈泽维奇/维克多·罗塞克/罗伯特·拉萨多/诺尔·古格雷米/小克利夫顿·克林斯/丹尼尔·蒙卡达/保罗·阿拉约/卡里姆·J.格里梅斯/迭戈·卡塔诺/迪伦·库斯曼/皮特·布里斯/曼尼·蒙塔纳/洛博·塞巴斯蒂安/泰丝·马里斯·金凯德/贝琪·阿尔特林格/蒂莫西·卡尔/吉尔·弗林特/凯蒂·吉尔/杰伦·戈登/杰伊·古铁雷斯/塞西尔·M·亨利/雷·埃尔南德斯/肖恩·麦克米伦/德文·奥格登/帕蒂·舍尔哈斯,剧情/犯罪,英语,美国,7.9,130931,20.30%,56.80%,21.50%,1.30%,0.10%,37851
195,27040737,祈祷落幕时 祈りの幕が下りる時,2018,福泽克雄,阿部宽/松岛菜菜子/沟端淳平/田中丽奈/木村绿子/乌丸节子/春风亭升太/音尾琢真/饭丰万理江/上杉祥三/中岛博子/樱田日和/及川光博/伊藤兰/小日向文世/山崎努/香川照之/杏,剧情/悬疑,日语,日本,7.9,156935,21.50%,54.30%,22.70%,1.40%,0.20%,50979
196,30318230,蜂鸟 벌새,2018,金宝拉,朴持厚/金玺碧/郑仁基/李胜妍/朴秀妍/薛惠茵,剧情,韩语,韩国,7.9,32366,23.50%,52.60%,21.40%,2.00%,0.40%,13951
197,26992114,孤狼之血 孤狼の血,2018,白石和弥,役所广司/松坂桃李/真木阳子/泷藤贤一/田口智朗/石桥莲司/江口洋介/竹野内丰/阿部纯子/泷正则/中村伦也/中村狮童,剧情/犯罪,日语,日本,7.9,16857,22.10%,51.90%,23.70%,1.90%,0.40%,5177
198,27017288,小公女 소공녀,2017,全高云,李絮/安宰弘/姜臻雅/金国熙/李成旭/崔德门/金在华/曹秀香/金艺恩,剧情/喜剧/爱情,韩语,韩国,7.9,16976,23.70%,49.70%,24.00%,2.20%,0.40%,6868
199,30146843,德九 덕구,2018,房秀吟,李顺载/郑志薰/张光/成秉淑/车顺裴/金广植/柳圣贤/郑基燮/尹颂雅/金炳哲/韩宝贝,剧情/家庭,韩语,韩国,7.9,6133,24.20%,50.20%,22.70%,2.50%,0.40%,2931
200,27139732,你给的仇恨 The Hate U Give,2018,小乔治·提尔曼,阿曼德拉·斯坦伯格 /雷吉娜·赫尔/罗素·霍恩斯比/安东尼·麦凯/K·J·阿帕/伊萨·雷/科曼/阿尔吉·史密斯/塞布丽娜·卡彭特/多米尼克·菲什巴克/拉马尔·约翰逊/梅根·劳利斯,剧情/犯罪,英语,美国,7.9,12065,24.20%,49.20%,23.20%,2.50%,0.90%,4012
201,26784898,花牌情缘：结 ちはやふる 結び,2018,小泉德宏,广濑铃/野村周平/新田真剑佑/上白石萌音/矢本悠马/森永悠希/清水寻也/优希美青/佐野勇斗/清原果耶/松冈茉优/贺来贤人/松田美由纪/国村隼,剧情,日语,日本,7.9,10125,25.90%,46.30%,25.00%,2.20%,0.70%,3557
202,26933248,小戏骨：包青天之秦香莲与陈世美,2018,潘礼平,祁晟原/刘戴恩/释小松/陈荣达/余亚颖/杨知周/葛奕德/刘紫璇/周冉/开新傲/李俊豪/程子阳/万子晴/陈禹衡/姜巧慧/罗熙怡/蔡嘉诚/魏雨祺/高一杰/戴豪键/汤子豪/喻峰/张伊凡/徐雨旋/李冰城/杨梦瑶/周依萱/吴爽/叶思文/徐佳蕊/林立涵/卢亦豪/黄涵雨/张允钊/高锡华/齐森昊/欧家杜/郑树森/黄敬棋/姜米珈/赵紫彤/林宜婧,剧情/悬疑/儿童/历史/古装,汉语普通话,中国大陆,8,1308,28.80%,47.00%,21.20%,0.00%,3.00%,482
203,30282106,伊莱扎·施莱辛格：八零后 Iliza: Elder Millennial,2018,Steve Paley,Iliza Shlesinger,喜剧,英语,美国,7.9,1003,27.40%,42.60%,26.50%,3.00%,0.50%,311
204,30143853,金色荣耀 GOLD,2018,里马·卡蒂,阿克谢·库玛尔/穆尼·罗伊/库纳尔·卡波尔/阿米特·萨特/桑尼·考沙尔/安德鲁·哈维尔/曼吉特·辛格/库姆德潘特/马诺伊·阿南德/托比·阿尔莫/理查德·坎宁汉姆/Viineet Kumar/Nikita Dutta/Christopher James Burton/Varun Raj/Sam Succoi/Bhawsheel Sahni/Andrew Abbott/Hubertus Geller/安东尼·伊洛特,剧情/传记/运动,印地语,印度,7.7,732,28.90%,42.10%,21.10%,2.60%,5.30%,182
205,26756308,野名留史又如何 „Îmi este indiferent dacă în istorie vom intra ca barbari”,2018,拉杜·裘德,伊万娜·雅各布/亚历克斯·博格丹/亚历山德鲁·达比加/伊翁·里扎/克劳迪娅·耶利米亚/卡塔琳·安奇丁/伊翁·奥古蒂奴/伊琳卡·贝尔丘/达娜·布内斯库/阿德里安·乔弗伦克/爱德华·赛伦/博格丹·科特莱/拉里莎·克伦蒂亚努/莉莉安娜·吉塔/伊林卡·哈特纳/谢尔班·帕夫卢/加布里埃尔·斯巴修/索非亚·尼古拉斯库/米海·尼库列斯库,剧情/历史,罗马尼亚语,罗马尼亚 / 德国 / 保加利亚 / 法国 / 捷克,7.9,1672,25.10%,50.70%,21.20%,2.20%,0.80%,871
206,30347017,相信我：被诱拐的丽莎·麦克维 Believe Me: The Abduction of Lisa McVey,2018,Jim Donovan,凯蒂·道格拉斯/大卫·詹姆斯·艾略特/罗西弗·萨瑟兰/阿曼达·阿库里/克里斯·欧文斯/Bruno Verdoni/梅根·法伦布克/谢尔比·拜恩/Milton Barnes/亚历桑德拉·卡斯蒂略/妮卡·埃利奥特/Patrice Goodman/Kerry Griffin/Marvin Hinz/Kim Horsman,,英语,加拿大,8,335,24.70%,53.60%,18.90%,2.40%,0.30%,94
207,30345958,莫·阿米尔：我曾颠沛流离 Mo Amer: The Vagabond,2018,Stan Lathan,穆罕默德·阿米尔,喜剧/脱口秀,英语,美国,7.9,169,26.20%,46.80%,23.00%,1.60%,2.40%,42
208,30209395,安娜的战争 Война Анны,2018,阿列克谢·费多尔琴科,Marta Kozlova/Lyubov Vorozhtsova/Vladimir Sapin/Aleksandr Vakhov/康斯坦丁·埃土恩,剧情/战争,俄语 / 波兰语,俄罗斯,7.8,352,20.30%,54.10%,22.40%,2.80%,0.40%,78
210,30156987,马龙·韦恩斯：半醒不醒 Marlon Wayans: Woke-ish,2018,马库斯·雷波依,马龙·韦恩斯,喜剧,英语,美国,7.9,269,26.70%,47.10%,23.30%,1.40%,1.40%,75
211,27186358,笑傲昙天外传：宿命，双头风魔 曇天に笑う〈外伝〉〜宿命、双頭の風魔〜,2018,若野哲也,樱井孝宏/游佐浩二/津田健次郎/井上喜久子/能登麻美子/中村悠一/梶裕贵/代永翼/鸟海浩辅/大原沙耶香,动画,日语,日本,7.9,180,27.30%,43.20%,26.60%,1.40%,1.40%,44
213,27608423,周六夜现场：山姆·洛克威尔/Halsey Saturday Night Live Sam Rockwell/Halsey,2018,山姆·洛克威尔,山姆·洛克威尔/Halsey/比尔·默瑞/弗莱德·阿米森,喜剧,英语,美国,7.9,157,25.00%,46.30%,26.90%,0.90%,0.90%,59
214,35189983,妙女郎 Funny Girl,2018,Robert Delamere,谢里丹·史密斯/戴利尔斯·坎贝尔,音乐/歌舞,英语,英国,7.8,152,23.40%,47.60%,27.40%,0.80%,0.80%,65
215,30357153,皇家秘事 Royal Affairs,2018,Jade Li,Thomas Bestvater/Angelique Cavallari/Viktoria Klimmeck,,英语,德国,7.9,106,25.60%,50.00%,20.90%,2.30%,1.20%,30
216,30359218,猛犸山 Mammoth,2017,Ariel Heller,马库斯·亨德森/Brian Sacca/Nitya Vidyasagar,剧情,英语,美国,7.9,206,10.00%,73.30%,16.70%,0.00%,0.00%,55
217,26997978,交响诗篇 超进化2 ANEMONE 交響詩篇エウレカセブン ハイエボリューション,2018,京田知己,,动画,日语,日本,7.9,197,36.00%,35.40%,22.00%,1.20%,5.50%,64
218,27121167,风云儿们 兰学革命篇 風雲児たち～蘭学革命篇～,2018,吉川邦夫,片冈爱之助/新纳慎也/村上新悟/迫田孝也/长野里美/中岛亚梨沙/中原丈雄/山西惇/中川大志/浅利阳介/栗原英雄/草刈正雄/山本耕史/小日向文世/远藤宪一/加藤谅/高木涉/高岛政伸/大野泰広,古装,日语,日本,7.9,151,21.40%,56.30%,19.60%,0.90%,1.80%,45
219,25849049,超人总动员2 Incredibles 2,2018,布拉德·伯德,格雷格·T·尼尔森/霍利·亨特/莎拉·沃威尔/赫克·米尔纳/伊莱·富西尔/凯瑟琳·基纳/塞缪尔·杰克逊/伊莎贝拉·罗西里尼/鲍勃·奥登科克/布拉德·伯德/索菲亚·布什/乔纳森·班克斯/约翰·拉岑贝格/金伯利·阿代尔·克拉克/托亚·特纳,喜剧/动作/动画/冒险,英语,美国,7.8,250413,21.80%,48.80%,27.20%,2.00%,0.10%,62284
220,30340038,吉祥,2018,大鹏,王吉祥/刘陆,剧情/家庭,汉语普通话,中国大陆,7.8,11665,16.90%,60.00%,21.00%,1.70%,0.40%,2300
221,30206431,过昭关,2018,霍猛,杨太义/李云虎/万众/聂栋才,剧情/家庭/儿童,河南方言,中国大陆,7.8,17587,22.30%,49.20%,24.50%,3.50%,0.50%,7716
222,26894602,冷战 Zimna wojna,2018,帕维乌·帕夫利科夫斯基,尤安娜·库里克/托马斯·科特/波利斯·席克/阿伽塔·库莱沙/塞德里克·康/让娜·巴利巴尔/亚当·费仁希/亚当·沃诺维茨/亚当·斯齐斯科斯基,剧情/爱情/音乐,波兰语 / 法语 / 德语 / 克罗地亚语 / 意大利语 / 俄语,波兰 / 法国 / 英国,7.8,28718,22.30%,50.80%,24.30%,2.30%,0.30%,12552
223,26979199,喜欢，轻吻，快跑 Plaire aimer et courir vite,2018,克里斯托夫·奥诺雷,文森特·拉科斯特/皮埃尔·德隆尚/德尼·波达利德斯/阿黛尔·维斯梅思/托马斯·冈萨雷斯/克莱蒙·梅特耶/昆廷·蒂博/特里斯坦·法尔热/索菲·勒图讷尔/马莱娜·索尔达纳/卢卡·马林诺夫斯基/埃里克·维涅尔/罗曼·施耐纳,剧情/爱情/同性,法语,法国,7.8,24823,23.60%,47.90%,25.30%,2.60%,0.60%,9177
224,30188247,地牢回忆 La noche de 12 años,2018,阿尔瓦罗·布雷克纳,安东尼奥·德·拉·托雷/奇诺·达林/阿方索·托特/凯撒·特龙科索/索蕾达·维拉米尔/西尔维娅·佩雷斯·克鲁兹/米涅娜·帕斯夸尔/尼迪亚·泰勒斯/凯撒·博尔东,剧情/传记/历史/犯罪,西班牙语,乌拉圭 / 西班牙 / 阿根廷 / 法国 / 德国,7.8,5641,22.80%,50.10%,24.00%,2.40%,0.60%,2262
225,26980827,那就是我的世界 그것만이 내 세상,2018,崔成贤,李秉宪/朴正民/尹汝贞/韩智敏/金成铃/崔莉/黄锡晶/文淑/白书怡/李周英/张海恩/朴智勋/柳正浩/孙德基/金炳春/洪锡然/朴相勋/车明旭/金瑞元,剧情,韩语,韩国,7.8,8229,23.80%,47.10%,26.80%,1.90%,0.40%,3025
226,30162520,盛夏 Лето,2018,基里尔·谢列布连尼科夫,刘台午/伊琳娜·斯达申鲍姆/罗曼·比利克/菲利普·阿德耶夫/亚历山大·戈尔奇林/尼基塔·叶甫列莫夫/尤利娅·奥格/叶莲娜·科连诺娃/利亚·阿赫贾科娃/安东·阿达辛斯基,音乐/传记,俄语 / 英语,俄罗斯 / 法国,7.8,11085,23.60%,48.90%,24.40%,2.60%,0.50%,5243
227,30177684,剧场版 假面骑士创骑 合而为一 劇場版 仮面ライダービルド Be The One,2018,上堀内佳寿也,犬饲贵丈/赤楚卫二/高田夏帆/武田航平/水上剑星/前川泰之/泷裕可里/越智友己/小久保丈二/木山廉彬/胜村政信/藤井隆/松井玲奈/池田沙绘美/吉田爱梨/内村麻美,动作/科幻,日语,日本,7.8,2080,26.10%,41.50%,28.60%,2.50%,1.30%,494
228,24757622,人生的另一天 Un día más con vida,2018,劳尔·德·拉·富恩特,米洛斯拉夫·哈尼斯泽斯基/Vergil J. Smith/托马斯·兹代克/欧嘉·博拉茨/拉斐尔·福达莱/Pawel Paczesny/Jakub Kamienski/凯瑞·莎勒/Daniel Flynn/优素福·凯尔科尔/Lillie Flynn/小田部阿基/Ben Elliot/艾玛·泰特/Jude Owusu/威廉·范德普耶/保司福尔吐纳/约翰·霍林沃思,动画/传记,英语 / 葡萄牙语 / 波兰语 / 西班牙语,西班牙 / 波兰 / 比利时 / 德国 / 法国 / 匈牙利,7.8,1119,20.70%,49.90%,26.80%,1.80%,0.80%,342
229,27184786,时速二十五 25 km/h,2018,马库斯·高勒,拉斯·艾丁格/比亚内·梅德尔/桑德拉·惠勒/弗朗卡·波滕特/亚历山德拉·玛丽亚·拉娜/杰拉·哈斯/耶迪斯·特里贝尔/沃坦·维尔克·默林/库尔德·伯格/马丁·布拉姆马赫/卡罗琳·贝尔/德克·赫尔比格/马吕斯·胡贝尔/马太乌兹·科西基维奇/马蒂·克劳斯/安德烈·梅利塔,喜剧,德语,德国,7.8,3414,20.00%,52.60%,25.90%,1.40%,0.10%,1480
230,30167519,喜剧双打：笑完就忘欢乐夜 Steve Martin and Martin Short: An Evening You Will Forget for the Rest of Your Life,2018,马库斯·雷波依,史蒂夫·马丁/马丁·肖特,喜剧,英语,美国,7.8,116,27.40%,40.00%,28.40%,3.20%,1.10%,43
231,30282871,蝴蝶夫人 Madama Butterfly,2018,Mario Gas,Ermonela Jaho/Enkelejda Shkosa/Jorge de Leon/Angel Odena,音乐/歌舞/戏曲,意大利语,意大利,7.8,305,20.00%,56.00%,20.00%,2.00%,2.00%,125
232,30268801,Jim Jefferies: 我就这样了 Jim Jefferies: This Is Me Now,2018,Scott Zabielski,Jim Jefferies,喜剧,英语,美国,7.8,595,22.50%,49.80%,24.60%,2.70%,0.40%,160
233,30200978,漫长阴影 Alles Isy,2018,马克·蒙海姆,克劳迪亚·米歇尔森/Claudia Mehnert/Hans Löw/Milena Tscharntke/Michelangelo Fortuzzi,剧情,德语,德国,7.8,106,22.50%,48.30%,25.80%,3.40%,0.00%,44
234,30207747,Hari Kondabolu: Warn Your Relatives,2018,Hari Kondabolu,Hari Kondabolu,喜剧/脱口秀,英语,美国,7.8,154,22.80%,47.20%,26.80%,3.10%,0.00%,55
235,30213424,吉姆·加菲根：高贵的猿猴 Jim Gaffigan: Noble Ape,2018,Jeannie Gaffigan,吉姆·加菲根,喜剧,英语,美国,7.7,89,20.80%,49.40%,27.30%,1.30%,1.30%,21
236,30133318,麦克白 RSC Live: Macbeth,2018,Polly Findlay,克里斯托弗·埃克莱斯顿/妮雅姆·库萨克/卢克·纽伯里/Katy Brittain/David Acton/Raif Clarke/Tom Padley/Afolabi Alli/Michael Hodgson/Bally Gill/爱德华·班尼特/唐娜巴妮亚,剧情,英语,英国,7.8,478,20.60%,51.40%,24.30%,2.90%,0.80%,171
237,30179566,怪兽娘（黑）～奥特怪兽拟人化计划～ 怪獣娘（黒）～ウルトラ怪獣擬人化計画～,2018,山本靖贵,新田日和/八木侑纪/高桥未奈美/石原夏织/小仓唯/饭田里穗/铃木爱奈/德井青空/加藤英美里/五十岚裕美/潘惠美/诹访彩花/三森铃子/松田利冴/沼仓爱美,动画,日语,日本,8,235,39.70%,28.20%,26.40%,1.70%,4.00%,51
238,30395618,周六夜现场：马特·达蒙/马克·容森和麦莉·赛勒斯 Saturday Night Live Matt Damon/Mark Ronson and Miley Cyrus,2018,马特·达蒙,马特·达蒙/马克·容森/麦莉·赛勒斯/亚历克·鲍德温/本·斯蒂勒,喜剧,英语,美国,7.7,126,21.10%,48.90%,26.70%,2.20%,1.10%,41
239,30346799,来自海滩的女孩 Guaxuma,2018,Nara NORMANDE,Nara Normande,动画,葡萄牙语,巴西 / 法国,7.7,112,25.30%,42.50%,27.60%,2.30%,2.30%,31
240,30393593,大力神 Atlas,2018,David Nawrath,赖纳·博克/阿尔布雷希特·舒赫/尤韦·普罗伊斯/索斯藤·默滕/Roman Kanonik/Nina Gummich,,德语,德国,7.8,90,18.20%,53.00%,27.30%,1.50%,0.00%,37
241,27191431,过春天,2018,白雪,黄尧/孙阳/汤加文/倪虹洁/江美仪/廖启智/焦刚,剧情,汉语普通话 / 粤语,中国大陆,7.7,300936,14.00%,56.70%,27.30%,1.80%,0.20%,93305
242,26602900,魔女 마녀,2018,朴勋政,金多美/赵敏修/朴熙顺/崔宇植/高旻示/吴美姬/崔政宇/多恩/金秉玉/李柱元/金河娜/李基英/权泰元/李时勋/白承哲/袁民奎/金宗勋/徐翰洁,动作/悬疑,韩语,韩国,7.7,121297,20.90%,45.70%,29.60%,3.30%,0.60%,34158
243,30158971,企鹅公路 ペンギン・ハイウェイ,2018,石田祐康,北香那/苍井优/钉宫理惠/潘惠美/福井美树/能登麻美子/久野美咲/西岛秀俊/竹中直人,动画/奇幻/冒险,日语,日本,7.7,51077,19.50%,47.30%,29.80%,2.90%,0.40%,18290
244,26791452,塔利 Tully,2018,贾森·雷特曼,查理兹·塞隆/麦肯兹·戴维斯/马克·杜普拉斯/朗·里维斯顿/艾米丽·海内/伊兰妮·谭/克里斯塔尔·伦伯格/马塞林·休格特/科琳·惠勒/嘉蜜拉·赖特/史蒂文·罗伯斯/谢德·鲁佩,剧情/喜剧,英语,美国,7.7,27432,16.70%,53.20%,28.00%,1.90%,0.30%,10434
245,3026559,登月第一人 First Man,2018,达米恩·查泽雷,瑞恩·高斯林/克莱尔·芙伊/杰森·克拉克/凯尔·钱德勒/寇瑞·斯托尔/派屈克·福吉特/克里斯托弗·阿波特/塞伦·希德/奥莉维亚·汉密尔顿/巴勃罗·施瑞博尔/谢伊·惠格姆/卢卡斯·哈斯/伊桑·恩布里/布莱恩·达西·詹姆斯/科里·迈克尔·史密斯/克里斯·斯万博格,剧情/传记/历史,英语,美国 / 日本,7.7,47118,18.40%,51.20%,27.80%,2.10%,0.40%,16445
246,27102505,去年冬天与你分手 去年の冬、きみと別れ,2018,泷本智行,岩田刚典/山本美月/斋藤工/浅见伶奈/北村一辉/土村芳,剧情/悬疑/犯罪,日语,日本,7.7,22848,18.70%,51.10%,27.30%,2.60%,0.30%,8235
247,26969120,你的鸟儿会唱歌 きみの鳥はうたえる,2018,三宅唱,柄本佑/染谷将太/石桥静河/足立智充/山本亚依,剧情/爱情,日语,日本,7.7,20013,18.60%,50.70%,27.60%,2.70%,0.50%,9562
248,26600786,希斯特斯兄弟 The Sisters Brothers,2018,雅克·欧迪亚,约翰·C·赖利/华金·菲尼克斯/杰克·吉伦哈尔/里兹·阿迈德/丽贝卡·鲁特/艾莉森·托尔曼/鲁特格尔·哈尔/卡罗尔·凯恩/Patrice Cossonneau/Zac Abbott/David Gasman/菲利普·罗施/克瑞德·布拉顿/Lenuta Bala/约亨·海格勒/埃里克·科尔文/伊恩·雷迪丁顿/阿尔多·马兰/Theo Exarchopoulos/肖恩·达根/Raymond Waring/约翰内斯·豪克尔·约翰内森/杰拉德·库克/Frédéric Siuen/艾登·奥黑尔/尼克·康沃尔/邓肯·拉克鲁瓦/雨果·狄龙/莱克茜·本博-哈特/理查德·布雷克/Cédric Charpentier/Anna Tardue/Raynor van de Water,犯罪/西部/冒险,英语,法国 / 西班牙 / 罗马尼亚 / 比利时 / 美国,7.7,15232,17.40%,54.80%,25.00%,2.20%,0.40%,4985
249,26385514,性别为本 On the Basis of Sex,2018,米密·莱德,菲丽希缇·琼斯/艾米·汉莫/贾斯汀·塞洛克斯/萨姆·沃特森/凯西·贝茨/卡莉·史派妮/杰克·莱诺/斯蒂芬·鲁特/克里斯·马尔基/加里·韦恩兹/弗朗西斯·X.麦卡蒂/罗纳德·格特曼/温迪·古逊/约翰·拉尔斯顿/卡尔·格拉戈萨斯/亚瑟·霍尔顿/安吉拉·嘉鲁皮/乔迪·约翰逊/杰夫·利利科/乔·柯布登 /莎珑·华盛顿/瓦罗娜·塞茨瓦埃洛/阿伦·奥阿约-斯图尔特/霍莉·G·弗兰克尔/汤姆·埃尔文/斯蒂芬妮·科斯塔/拉斐尔·格罗斯-哈维/罗伯特·J·塔维纳/加布里埃尔·格雷厄姆/丹尼尔·布罗克/道恩·福特/迈克尔·迪克森/亚历山大·贝朗格/鲁斯·巴德·金斯伯格,剧情/传记,英语,美国,7.7,14497,22.70%,45.50%,28.60%,2.70%,0.40%,5723
250,30156266,我是江小白 剧场版,2018,金承仁,陈张太康/佟心竹/李兰陵/沈念如/阎么么/刘明月/瞳音/黎筱濛/常荣珊/闫夜桥/叶知秋/小连杀,爱情/动画,汉语普通话,中国大陆,7.7,2981,23.90%,41.80%,31.30%,3.00%,0.00%,1175
251,30418859,这个男孩必须被释放 Der Junge muss an die frische Luft,2018,卡罗莉内·林克,朱利叶斯·韦考夫/路易斯·海耶尔/索恩克·莫宁/迪安娜·安夫特/约阿希姆·克罗尔/玛蒂娜·艾特纳-阿奇姆彭/哈佩·科可林/Hedi Kriegeskotte/Elena Uhlig/乌苏拉·温纳/莫丽·考依曼/Birge Schade/Rudolf Kowalski/Kathrin von Steinburg/Trish Osmond/伯恩哈德·格尔季梅克/Dieter Thomas Heck/Ilja Richter/英格丽德·施特格/伊丽莎白·沃克曼,剧情/家庭/传记,德语,德国,7.7,2793,17.70%,54.50%,25.10%,2.20%,0.50%,1565
252,27596249,重金属囧途 Hevi reissu,2018,裘索·拉提欧,托尔斯坦·比约克朗德/安蒂·希海基宁/维尔·希尔卡/约翰内斯·霍洛佩宁/萨穆利·贾斯基奥/明卡·库斯顿/凯·莱蒂宁/皮霍·朗卡/锡尼卡·莫克尔拉/麦克斯·奥瓦斯卡/佩尔蒂·斯维霍姆/马尔蒂·斯利亚/威利·蒂奥宁,喜剧/音乐,芬兰语 / 英语 / 挪威语,芬兰 / 挪威,7.7,9821,24.00%,44.10%,27.60%,3.60%,0.70%,3918
253,27609141,乐高DC超级英雄：闪电侠 Lego DC Comics Super Heroes: The Flash,2018,伊桑·斯波尔丁,詹姆斯·阿诺德·泰勒/德怀特·舒尔茨/特罗伊·贝克/诺兰·诺斯/格蕾·德丽斯勒/卡里·佩顿/艾瑞克·鲍扎/汤姆·肯尼/菲尔·拉马/凯文·迈克尔·理查德森/凯特·米库奇/瓦内萨·马歇尔/迪·布拉雷·贝克尔/杰森·斯皮萨克/奥德丽·瓦西莱夫斯基,动作/科幻/动画,英语,美国,7.7,4156,21.20%,45.30%,30.30%,2.40%,0.90%,1389
254,30179916,埃德蒙 Edmond,2018,亚力克西斯·马沙利克,托马·索利韦尔/奥利维埃·古尔梅/玛蒂尔德·瑟妮/汤姆·里布/露西·布耶纳/阿丽斯·德·朗克桑/克莱门汀·塞拉里耶/伊戈尔·戈特曼/多米尼克·皮侬/西蒙·阿布卡瑞安/马克·安德烈奥尼/吉恩-米歇尔·马提亚尔/亚力克西斯·马沙利克/安托万·迪莱里/纪尧姆·布谢德/布兰丁·贝拉沃尔/利昂尔·阿贝兰斯基/多米尼克·贝纳尔/伯纳德·布兰卡恩/米沙·莱斯科特/保罗·让森,剧情/喜剧,法语 / 俄语,法国 / 比利时,7.7,2784,17.00%,52.30%,27.90%,2.00%,0.80%,1280
255,27602054,假面骑士Amazons剧场版 最后的审判 仮面ライダーアマゾンズ THE MOVIE 最後ノ審判,2018,石田秀范,藤田富/鷹山仁/谷口贤志,动作/科幻,日语,日本,7.7,1728,27.40%,38.50%,26.20%,5.90%,2.00%,366
256,27121032,她的故事 허스토리,2018,闵奎东,金喜爱/金海淑/艺秀晶/文淑/李龙女/金善映/金俊翰/李容怡/崔秉默/郑仁基/金仁宇/朴明申/李志夏/孙康国/朴龙修/金慧埈/朴正子/宋永彰/郑荷昙/安世河/李裕英/韩智敏/陈善圭,剧情,韩语,韩国,7.7,3721,17.90%,50.60%,28.70%,2.30%,0.50%,1733
257,30156087,德云社丁酉年封箱庆典2018,2018,郭德纲,郭德纲/于谦/高峰/岳云鹏/孙越/张云雷/阎鹤祥/郭麒麟/张鹤伦/朱云峰/孟鹤堂/栾云平/李云天/王昊悦/王少立/朱鹤松/陶云圣/李云杰/冯照洋/曹鹤阳,,汉语普通话,中国大陆,7.8,998,21.90%,48.60%,25.70%,3.80%,0.00%,165
258,30385001,烂情诗 Rossz versek,2018,嘉博·雷兹,嘉博·雷兹/Katica Nagy/Zsolt Kovács/Katalin Takács/Donát Seres/Mátyás Prukner/Barnabás Prukner/尼尔斯·施内德/Zsolt Zayzon/莉莉·莫罗利/索博尔奇·豪伊杜/Bálint Györiványi/Ábel Visky/Roland Lukács/Dani Bálint/Zsuzsa Horváth/Szilvia Réti/Csaba Vékes/Tamás Ascher/Tamás Owczarek/László ifj. Jászai/István Göz/Erika Kiss/埃文特·斯特朗,剧情/喜剧/爱情,匈牙利语 / 法语 / 德语 / 波兰语,匈牙利,7.7,1353,22.80%,44.00%,28.50%,4.30%,0.40%,711
259,34843168,玛格丽特公主：王室叛逆 Princess Margaret: The Rebel Royal,2018,Hannah Berryman,Craig Brown/Anne de Courcy/Lady Glenconner,紀錄片 Documentary,英語 English,英國 UK,7.7,300,18.40%,52.00%,26.60%,2.70%,0.40%,81
260,30259071,幸运儿彼尔 Lykke-Per,2018,比利·奥古斯特,埃斯本·司米德·詹森/卡塔林·格雷-罗森塔尔/本杰明·基特/朱莉·克里斯汀森/汤米·肯特/拉斯马斯·伯格/奥勒·雷米克,剧情,丹麦语,丹麦,7.7,1897,18.40%,51.40%,26.50%,2.80%,1.00%,932
261,30277127,金丝雀 Kanarie,2018,Christiaan Olwagen,Schalk Bezuidenhout/Ludwig Binge/Hannes Otto,剧情/同性/音乐,南非语 / 英语,南非,7.7,411,19.70%,48.60%,29.50%,2.00%,0.30%,148
262,27664091,Tom Segura: Disgraceful,2018,杰伊·卡拉斯,汤姆·赛格拉,喜剧,英语,美国,7.7,270,19.90%,51.10%,26.20%,1.80%,0.90%,92
263,30208003,艺术档案：天才达芬奇 Art on the BBC: The Genius of Leonardo Da Vinci,2018,David Starkey,Janina Ramirez,紀錄片 Documentary,英語 English,英国,7.7,272,21.30%,43.10%,34.10%,0.90%,0.50%,63
264,30188241,白塔 The Tower,2018,Mats Grorud,Aïssa Maïga/Slimane Dazi/Darina Al Joundi,动画,阿拉伯语 / 英语 / 法语,法国 / 瑞典 / 挪威,7.7,89,28.40%,35.80%,28.40%,7.50%,0.00%,33
265,30141372,303,2018,汉斯·魏因加特纳,玛拉·昂德/安东·斯皮克/阿尔恩特·施韦林·索瑞/托马斯·施穆克特/豪尔·邦德舒/马丁·诺伊豪斯,剧情,德语,德国,7.7,2066,20.60%,50.00%,26.10%,2.80%,0.60%,1018
266,30279986,HE-LOW,2018,高野八诚,青柳尊哉/须贺贵匡/吉冈毅志,,日语,日本,7.6,114,25.30%,40.70%,29.70%,0.00%,4.40%,38
267,26808828,爷爷的微笑 The Etruscan Smile,2018,欧迪·宾南,索拉·伯奇/布莱恩·考克斯/约翰·约瑟夫·菲尔德/彼德·考约特/乔什·斯坦伯/瓦内萨·罗斯/娜塔莉·斯蒂芬妮·阿吉拉尔/特里萨·纳瓦罗/Rupinder Nagra/史蒂文·韦格/安东尼·斯诺/桑德拉·狄/金娜琼/Ramsey Hanchette/Sandra Santiago,剧情,英语,英国,7.7,75,20.00%,46.70%,31.70%,1.70%,0.00%,21
268,30173731,柳炳宰：信息过量 Yoo Byung Jae: Too Much Information,2018,柳炳宰,柳炳宰,喜剧,英语,美国,7.7,73,24.60%,37.70%,34.40%,3.30%,0.00%,34
269,3878007,海王 Aquaman,2018,温子仁,杰森·莫玛/艾梅柏·希尔德/威廉·达福/帕特里克·威尔森/妮可·基德曼/杜夫·龙格尔/叶海亚·阿卜杜勒-迈丁/特穆拉·莫里森/林路迪/迈克尔·比奇/兰道尔·朴/格拉汉姆·麦克泰维什/雷·沃纳尔/泰努伊·柯克伍德/塔穆尔·柯克伍德/丹泽尔·夸克/卡恩·古尔杜尔/奥蒂斯·丹吉/克考亚·克库毛诺/朱莉·安德鲁斯/约翰·瑞斯-戴维斯/杰曼·翰苏/索菲亚·福雷斯特/娜塔莉·萨福兰/杰克·安德鲁/汉克·阿莫斯/帕特里克·考克斯/罗伯特·朗斯特里特/德维卡·帕利赫/梅布尔·塔莫内/文森特·B·拉戈斯/加布里埃拉·佩特科娃/爱丽丝·兰斯伯里/帕特里克·艾奇逊/约翰·盖蒂尔/塔丽亚·杰德·霍尔特/罗斯·克纳汉/布拉登·刘易斯/萨尔瓦多·梅伦达/山姆·莫纳汉/温妮·穆赞贝/凯·潘塔诺/安娜·帕奇/乔恩·奎斯蒂德/迪伦·斯图默/米奇·武尔夫,动作/奇幻/冒险,英语 / 毛利语 / 意大利语 / 俄语,美国 / 澳大利亚,7.6,834757,21.20%,43.00%,30.50%,4.50%,0.90%,264071
270,30164448,海市蜃楼 Durante la tormenta,2018,奥里奥尔·保罗,阿德里亚娜·乌加特/奇诺·达林/阿尔瓦罗·莫奇/诺拉·纳瓦斯/米格尔·费南德斯/哈维尔·古铁雷斯/克拉拉·塞古拉/米玛·里埃拉/艾娜·克洛特/阿尔伯特·佩雷斯/胡里奥·博伊加斯-库托/露娜·馥尔亨西奥/露丝·略皮斯/弗兰塞斯克·奥雷利亚/阿娜·瓦格纳/西尔维亚·阿隆索/贝伦·鲁埃达,科幻/悬疑/惊悚,西班牙语,西班牙,7.6,343710,17.40%,50.60%,29.10%,2.70%,0.30%,103067
271,26972258,江湖儿女,2018,贾樟柯,赵涛/廖凡/徐峥/梁嘉艳/刁亦男/张一白/丁嘉丽/张译/董子健/李宣/查娜/冯家妹/康亢/张晓军/柳敏/王谭/原文倩,爱情/犯罪,汉语普通话 / 山西方言 / 湖北方言 / 重庆方言,中国大陆 / 法国 / 日本,7.6,273777,17.10%,49.90%,29.00%,3.30%,0.60%,88599
272,27198855,印度合伙人 Padman,2018,R·巴尔基,阿克谢·库玛尔/拉迪卡·艾普特/索娜姆·卡普尔/乔蒂·苏巴/森尔·辛/阿米达普·巴强/雷·拉维,剧情/喜剧/传记,印地语,印度,7.7,101403,17.90%,49.50%,30.00%,2.30%,0.30%,30862
273,27003543,与神同行2：因与缘 신과함께-인과 연,2018,金容华,河正宇/朱智勋/马东锡/金香起/李政宰/赵汉哲/金明坤/金东旭/郑惟安/都暻秀,动作/奇幻,韩语 / 汉语普通话,韩国,7.6,109519,19.80%,45.50%,30.60%,3.40%,0.60%,27478
274,27037053,夜以继日 寝ても覚めても,2018,滨口龙介,东出昌大/唐田英里佳/濑户康史/山下莉绪/伊藤沙莉/渡边大知/仲本工事/田中美佐子,剧情/爱情,日语,日本 / 法国,7.6,42073,21.70%,44.20%,28.20%,4.60%,1.30%,20235
275,26635427,矮婆,2018,蒋能杰,蒋云洁/蒋重秀/云芳/范凤娇/蒋美林,剧情/儿童,湖南当地方言,中国大陆,7.6,5052,15.10%,54.60%,26.90%,3.10%,0.40%,2375
276,27615398,罪人 Den skyldige,2018,古斯塔夫·莫勒,雅各布·克德格恩/杰西卡·迪内奇/奥玛尔·沙加威/约翰·奥尔森/雅各布·乌尔里克·罗曼/西蒙·本尼杰格/劳拉·布罗/蒙坦·瑟贝尔/莫滕·桑博/安德斯·布林克·马德森/马特·福勒,剧情/惊悚/犯罪,丹麦语,丹麦,7.6,27055,17.10%,49.90%,29.10%,3.30%,0.60%,9033
277,30181130,阿拉姜色,2018,松太加,容中尔甲/尼玛颂宋/赛却加,剧情/家庭,藏语,中国大陆,7.6,21801,14.20%,54.70%,28.00%,2.80%,0.40%,8206
278,30299345,康斯坦丁：恶魔之城 电影版 Constantine City of Demons: The Movie,2018,道格·墨菲,马特·瑞安/达米恩·奥哈尔/劳拉·贝莉/艾米丽·奥布莱恩/罗宾·阿特金·唐斯/雷切尔·金西/吉姆·麦司奇门/凯文·迈克尔·理查德森,动画/恐怖/奇幻,英语,美国,7.6,11651,19.20%,47.50%,29.90%,2.70%,0.70%,2769
279,27040157,教授 The Professor,2018,韦恩·罗伯茨,约翰尼·德普/佐伊·达奇/罗丝玛丽·德薇特/朗·里维斯顿/贾斯汀·沃林顿/丹尼·赫斯顿/希博汗·法隆/帕洛玛·克维亚特科夫斯基/奥黛莎·杨/凯特琳·伯纳德/法拉赫·阿维瓦/琳达·伊蒙/基斯·麦克科基尼/德文·特雷尔/丹尼斯·科贝特/约兰达·科贝特/马德里亚·斯卡尔韦纳,剧情/喜剧,英语,美国,7.6,17036,20.10%,44.70%,30.50%,4.00%,0.70%,5964
280,27184199,挪威7·22爆炸枪击案 22 July,2018,保罗·格林格拉斯,安德斯·丹尼尔森·李/乔纳斯·斯特兰德·格利/乔恩·奥伊登/玛丽亚·波克/托尔比约恩·哈尔/乌里克·汉森·多维根/托恩·丹尼尔森/安尼克·冯·德·利佩/拉尔斯·阿兰兹-汉森/爱因德·伊恩沃德,剧情/惊悚/历史,英语,挪威 / 冰岛 / 美国,7.6,13170,13.80%,53.50%,29.80%,2.40%,0.50%,4171
281,27621991,白牙 Croc-Blanc,2018,亚历山大·埃斯皮加雷斯,拉斐尔·佩尔索纳/维尔日妮·埃菲拉/多米尼克·皮侬/弗朗兹·康菲艾克/克莱尔·巴拉达特/劳伦特·纳忒拉/尼克·奥弗曼/拉什达·琼斯/保罗·吉亚玛提/史蒂芬·克雷默·格利克曼/艾迪·斯皮尔斯/弗卢拉·博格/大卫·博特/汤姆·莫顿,动画/冒险,法语 / 英语,法国 / 卢森堡 / 美国,7.6,8319,17.70%,47.20%,32.80%,2.30%,0.00%,3640
282,26649687,终点到达 Then Came You,2018,彼得·哈钦斯,阿萨·巴特菲尔德/麦茜·威廉姆斯/妮娜·杜波夫/佩顿·李斯特/泰勒·霍奇林/郑肯/索尼亚·瓦格尔/大卫·科恩查内/泰塔斯·伯吉斯/马格特·宾汉/科林·莫斯/罗丝玛丽·霍华德/布丽亚娜·范思克思,剧情/喜剧/冒险,英语,美国,7.5,8823,18.50%,44.90%,32.70%,3.20%,0.60%,3362
283,26695000,迪丽丽的奇幻巴黎 Dilili à Paris,2018,米歇尔·欧斯洛,普鲁内尔·查尔斯·安布隆/恩佐·拉齐托/纳塔莉・德赛/布鲁诺·帕维奥/杰里米·洛佩兹/哈里森·阿雷瓦洛/尼古拉斯·潘切瓦/蒂莎·达维拉·本萨拉/米歇尔·伊莱亚斯/帕斯卡尔·佩斯特尔/保罗·班迪/伊莎贝尔·嘉德/莉莲娜·罗维埃/卡里姆·姆里巴/奥利维耶·克拉弗里/伊丽莎白·杜达,动画,法语,法国 / 比利时 / 德国,7.6,8865,17.60%,48.70%,30.30%,2.70%,0.70%,3990
284,26974993,不留痕迹 Leave No Trace,2018,黛布拉·格兰尼克,托马辛·麦肯齐/本·福斯特/Jeffery Rifflard/Derek John Drescher/迈克尔·德雷珀/Peter Simpson/Erik McGlothlin/达娜·米利肯/Alyssa McKay/Ryan Joiner/杰夫·科伯/以赛亚·斯通/戴尔·迪奇/艾安娜·伯克希尔,剧情,英语,美国,7.6,16251,17.90%,47.80%,30.60%,2.80%,0.90%,5939
285,30162055,感谢上帝 Grâce à Dieu,2018,弗朗索瓦·欧容,梅尔维尔·珀波/德尼·梅诺谢/斯万·阿劳德/若西安·巴拉斯科/埃里克·卡拉瓦卡/弗朗索瓦·夏托特/阿米利·多尔/奥拉利亚·佩蒂特/弗雷德里克·皮耶罗/贝尔纳·维尔莱/海伦·文森特,剧情,法语,法国 / 比利时,7.6,9301,12.50%,55.50%,29.70%,1.90%,0.30%,4546
286,30172472,好朋友 Gewoon Vrienden,2018,艾伦·斯密特,马吉德·马多/乔舒亚·斯特拉多斯基/珍妮·阿里安/塔尼娅·杰丝/娜西米耶·欧拉尔/梅乐蒂·克蕾沃/索妮娅·艾肯/穆罕默德·阿拉哈德/安尼·普拉克/埃琳娜·祖德梅尔/罗斯科·莱金/弗瑞特斯·拉姆布雷希茨/米兰达·炅灵/舒尔德·德拉格斯玛/贝琳达·范·德·斯杜普/贾斯汀·莫伊耶/马尔科姆·雨果·格伦,剧情/爱情/同性,荷兰语,荷兰,7.6,8039,21.70%,41.90%,31.30%,4.30%,0.70%,3007
287,26979347,一代巨星桑杰君 Sanju,2018,拉吉库马尔·希拉尼,兰比尔·卡普尔/帕莱什·拉瓦尔/玛尼沙·柯伊拉拉/维杰·卡沙尔/安努舒卡·莎玛/迪雅·莫扎/索娜姆·卡普尔/吉姆·萨伯/卡里希马·坦纳/博曼·伊拉尼/塔布/马赫什·曼杰瑞卡/阿施文·穆施拉恩/萨亚士·希德,剧情/传记,印地语,印度,7.6,2545,19.80%,45.80%,29.30%,4.10%,0.90%,966
288,27666478,布努埃尔在神龟迷宫中 Buñuel en el laberinto de las tortugas,2018,萨尔瓦多·西莫,豪尔赫·乌松/Fernando Ramos/Luis Enrique de Tomás/Cyril Corral/Pepa Gracia/Rachel Lascar/Gabriel Latorre/Alex Martos/Philipp Nowicki/Victor Nuñez/Fermín Núñez,剧情/动画/传记/历史,西班牙语 / 法语,西班牙 / 荷兰 / 德国,7.6,1119,16.40%,48.60%,32.10%,2.60%,0.20%,371
289,30180870,谦虚的英雄 普乐卡短片剧场系列第一辑 ちいさな英雄―カニとタマゴと透明人間―,2018,米林宏昌,小田切让/尾野真千子/田中泯/坂口健太郎/木村文乃/铃木梨央/筱原凑大,动画,日语,日本,7.6,695,17.60%,47.50%,31.10%,3.20%,0.50%,248
290,27181795,使徒保罗 Paul Apostle of Christ,2018,安德鲁·海特,吉姆·卡维泽/詹姆斯·福克纳/奥利维埃·马丁内斯/琼妮·威利/约翰·林奇/桥格斯·卡拉米霍斯/安东尼娅·坎贝尔-休斯/亚历桑德罗·斯佩尔杜蒂/曼努埃尔·考西/诺亚·亨特雷/杰·佩斯,剧情/历史,英语,美国,7.6,1229,28.90%,32.40%,29.10%,6.90%,2.80%,344
291,30197746,约翰·木兰尼：无线电城的俊小伙儿 John Mulaney: Kid Gorgeous at Radio City,2018,John Mulaney,John Mulaney,喜剧/脱口秀,英语,美国,7.6,943,22.50%,42.00%,30.80%,4.00%,0.70%,295
292,28460045,无名大师 Tuntematon mestari,2018,克劳斯·哈洛,海奇·诺西艾南/皮霍·朗卡/佩尔蒂·斯维霍姆/斯特凡·索克/Amos Brotherus/Henrikki Haavisto/Jaani Kekäläinen/Juuso Kuusisto/Kristoffer Möller/Yuha Pihanen/Eero Ritala/Jakob Öhrman,剧情,芬兰语 / 瑞典语,芬兰,7.6,955,18.20%,45.70%,32.60%,2.60%,0.90%,252
293,27068118,战火球星 Trautmann,2018,马库斯·H·罗森米勒,大卫·克劳斯/弗雷娅·梅弗/约翰·亨肖/哈利·米尔林/迈克尔·索恰/戴夫·琼斯/芭芭拉·杨/米基·柯林斯/加里·刘易斯/德乌拉·基尔万/麦斯米兰·贝佛特/伊恩·T·迪金森/斯蒂夫·哈德森,剧情/爱情/传记/战争/运动,英语 / 德语,英国 / 德国,7.6,1454,16.60%,49.30%,31.40%,1.90%,0.70%,365
294,30270306,文胸奇缘 The Bra,2018,法伊特·赫尔默,米基·马诺伊洛维奇/帕斯·贝加/丘尔潘·哈马托娃/德尼·拉旺/玛雅·摩根斯特恩,喜剧,无对白,德国 / 阿塞拜疆,7.6,799,18.30%,47.60%,29.50%,3.50%,1.10%,338
295,30432285,TV君超战斗DVD 假面骑士至尊鳄霸 てれびくん超バトルDVD 仮面ライダープライムローグ,2018,山口恭平,水上剑星/犬饲贵丈/高田夏帆,,日语,日本,7.6,335,22.90%,37.00%,37.00%,2.40%,0.70%,56
296,30206264,战火扶南 Funan,2018,Denis Do,贝热尼丝·贝乔/路易·加瑞尔/Colette Kieffer/Aude-Laurence Clermont Biver/Brice Montagne/Franck Sasonoff/Hervé Sogne/Maxime Baudoin/Tom Trouffier/Lila Lacombe/Emilie Marié/席琳·荣特/Thierry Jahn/Eugénie Anselin/Jérôme Varanfrain/玛佳丽·罗森茨威格,动画,法语,法国 / 比利时 / 卢森堡 / 柬埔寨,7.6,191,21.40%,42.80%,30.80%,4.40%,0.60%,80
297,30207982,Dirty Computer,2018,Chuck Lightning,加奈儿·梦奈/泰莎·汤普森,音乐,英语,美国,7.7,106,28.60%,40.50%,20.20%,7.10%,3.60%,39
298,30241449,米开朗基罗 Michelangelo - Infinito,2018,Emanuele Imbucci,恩里克·洛维索/Ivano Marescotti,剧情/传记,意大利语 / 英语,意大利,7.6,339,19.50%,48.50%,27.20%,3.70%,1.10%,94
299,30299249,整人大赏2018 うわっ!ダマされた大賞 2018‎,2018,菊池风磨,菊池风磨/竹内凉真/滨边美波/德井义实 Yoshimi Tokui/长岛一茂/福田充德 Mitsunori Fukuda/内村光良 Teruyoshi Uchimura/羽鸟慎一 Shinichi Hatori/泉里香/稻村亚美 Ami Inamura,喜剧/真人秀,日语,日本,7.6,303,17.30%,50.20%,30.00%,2.10%,0.40%,55
300,30371557,品酒要在成为夫妻后 OVA お酒は夫婦になってから OVA,2018,橘沙织,喜多村英梨/市来光弘,,日语,日本,7.6,212,25.70%,34.80%,34.20%,4.80%,0.50%,31
301,30199629,周六夜现场：蒂娜·菲/妮琪·米娜 Saturday Night Live Tina Fey/Nicki Minaj,2018,蒂娜·菲,蒂娜·菲/妮琪·米娜/本·斯蒂勒/罗伯特·德尼罗/本尼迪克特·康伯巴奇/安妮·海瑟薇/弗莱德·阿米森/林-曼努尔·米兰达/杰瑞·宋飞/崔西·摩根/克里斯·洛克/唐纳德·格洛弗/约翰·古德曼,喜剧,英语,美国,7.6,107,25.00%,38.20%,32.40%,1.50%,2.90%,37
302,34865539,克拉米提奇遇记 Calamity Falls,2018,Hadley Hillel,,,英语,美国,7.6,111,15.40%,53.80%,27.50%,3.30%,0.00%,35
303,30201001,印度狂战士苏亚 Naa Peru Surya Na Illu India,2018,Vakkantham Vamsi,阿卢·阿尔军/博曼·伊拉尼/Anu Emmanuel/Arjun Sarja/Nadia Moidu/Sarath Kumar/Rao Ramesh/Rubina Naaz,剧情/动作,泰卢固语,印度,7.5,104,30.20%,28.60%,31.70%,4.80%,4.80%,28
304,27615439,我们，动物 We the Animals,2018,杰里米·撒加,希拉·凡德/劳尔·卡斯提洛/伊万·罗萨多/乔塞亚·盖贝尔/以赛亚·克里斯蒂安/特里·霍兰德,剧情/同性,英语,美国,7.6,3322,17.40%,49.70%,28.80%,3.10%,1.00%,1487
305,27055835,海蜇 Jellyfish,2018,詹姆斯·加德纳尔,丽芙·希尔/西妮德·马修斯/西里尔·恩里/安格斯·巴尼特/托莫斯·埃姆斯/维多利亚·阿尔考克/海伦·肯尼迪/罗比·怀特/亨利·里尔/杰米玛·纽曼/康纳·米尔斯/杰伊·萨吉德/劳拉泰勒格里芬/马克·桑斯特/蕾娅·斯密特洛维兹/弗兰奇·博伊尔,剧情,英语,英国,7.6,943,17.80%,48.50%,29.00%,4.00%,0.70%,304
306,30413546,丹尼尔的脸 Daniel fait face,2018,玛丽恩·阿特兰,帕特里克·德阿萨姆曹/西奥·波尔加/马德琳·佛拉奇/特里斯坦·伯纳德/亚当·比沙尔/米拉·布鲁曼/查尔斯·卡佩利/罗斯·克劳斯/克莱门特·丹尼尔·杜菲特雷勒/哈德里安·弗雷格诺/安德烈·加兰德/利亚姆·科弗·洛蒙特/玛丽·拉索特/米切尔·勒维利昂·锡安/路易丝·梅洛/希拉·诺拉·德雷弗斯/埃曼纽尔·库/米歇尔·劳德,剧情,法语,法国,7.6,702,20.80%,47.10%,26.30%,5.30%,0.60%,221
307,30152861,温莎的风流娘儿们 RSC Live: The Merry Wives of Windsor,2018,Fiona Laird,大卫·特洛夫顿/卢克·纽伯里/Rebecca Lacey/Beth Cordingly,喜剧,英语,英国,7.6,284,17.50%,53.00%,23.50%,5.10%,0.90%,103
308,30446874,早安 غود مورنينغ,2018,巴伊·霍杰,Rodrigue Sleiman/Bahij Hojeij/Sam Lahoud,剧情/喜剧,阿拉伯语,黎巴嫩 / 法国,7.6,118,12.90%,58.80%,23.50%,3.50%,1.20%,54
309,30388421,凯达尔纳特 Kedarnath,2018,阿皮谢克·卡普尔,苏尚特·辛格·拉吉普特/Sara Ali Khan/Nitish Bharadwaj/阿尔卡·阿明 Alka Amin/索纳利·萨查德夫/Pooja Gor/Nishant Dahiya/Tarun Gahlot/Mir Sarwar,剧情/爱情,印地语,印度,7.5,84,26.20%,31.10%,37.70%,3.30%,1.60%,38
310,6874741,无问西东,2018,李芳芳,章子怡/黄晓明/张震/王力宏/陈楚生/铁政/祖峰/米雪/王盛德/韩童生/王鑫/郑铮/章泽天/黄梦莹/林美秀/保罗·菲利普·克拉克/胡家华/伊娜/吴谨言/纪帅/王天泽/伍麟凯/都金翰,剧情/爱情/战争,汉语普通话,中国大陆,7.5,687626,25.50%,38.50%,26.40%,7.20%,2.50%,215146
311,30140571,嗝嗝老师 Hichki,2018,西达夫·马贺拉,拉妮·玛克赫吉/内拉吉·卡比/萨钦/苏普丽雅·皮尔加卡尔/罗希特·萨拉夫/维克拉姆·戈克哈尔/雷伊·舒克拉/阿西夫·巴斯拉/加纳特·拉玛妮/侯赛因·达拉尔/伊万·罗德里格斯/坤纳·斯内德/哈许‧梅尔/什库马尔·苏布拉马尼亚姆,剧情/喜剧,印地语 / 英语,印度,7.4,88891,15.30%,46.00%,34.90%,3.40%,0.30%,25150
312,27197086,国家破产之日 국가부도의 날,2018,崔国熙,金惠秀/刘亚仁/许峻豪/赵祐镇/文森特·卡索/金弘波/严孝燮/宋永彰/权海骁/赵汉哲/柳德焕/朴真珠/张成范/全裴修/金民尚/郑圭洙/金雷夏/李喜元/丹尼尔·乔伊·奥尔布赖特,剧情,韩语 / 英语,韩国,7.5,43011,15.60%,47.70%,33.50%,2.80%,0.40%,12437
313,26628282,宠儿 The Favourite,2018,欧格斯·兰斯莫斯,奥利维娅·科尔曼/艾玛·斯通/蕾切尔·薇兹/尼古拉斯·霍尔特/乔·阿尔文/马克·加蒂斯/蒂莫西·英纳斯/珍妮·莱恩斯福德/詹姆斯·史密斯/詹姆斯·梅尔维尔/杰克·维尔,剧情/喜剧/同性/传记,英语,爱尔兰 / 英国 / 美国,7.5,78292,13.80%,50.20%,33.40%,2.30%,0.30%,26559
314,27098364,超人之死 The Death of Superman,2018,杰克·卡斯托雷纳,杰瑞·奥康奈尔/丽贝卡·罗梅恩/雷恩·威尔森/罗莎里奥·道森/内森·菲利安/克里斯托弗·戈勒姆/马特·兰特尔/谢默·摩尔/尼扬比·尼扬比/杰森·奥玛拉/乔纳森·亚当斯/洛奇·卡罗尔/特雷弗·德瓦/保罗·伊丁/帕特里克·法比安/詹妮弗·黑尔/马克斯·迈特尔曼/托克斯·奥拉贡多耶,动作/科幻/动画,英语,美国,7.5,15724,16.80%,45.20%,33.80%,3.50%,0.70%,3502
315,26721646,柯莱特 Colette,2018,沃什·韦斯特摩兰,凯拉·奈特莉/多米尼克·韦斯特/埃莉诺·汤姆林森/费奥纳·肖/丹妮斯·高夫/艾莎·哈特/丽贝卡·鲁特/阿尔·韦弗/卡罗琳·博尔顿/雷·潘莎基/珊农·塔伯特/阿提拉·阿帕/阿拉贝拉·韦尔/羽田正义/罗德里克·希尔/杰宁·哈瑞妮/凯汀卡·埃格雷斯,剧情/传记/历史,英语,英国 / 美国,7.5,15642,16.00%,47.30%,34.20%,2.20%,0.30%,5340
316,30139756,只有爱能让我生存 生きてるだけで、愛。,2018,关根光才,趣里/菅田将晖/仲里依纱/田中哲司/西田尚美/松重丰/石桥静河/织田梨沙,爱情,日语,日本,7.5,10275,20.00%,41.60%,32.20%,4.90%,1.30%,4549
317,26580936,午夜阳光 Midnight Sun,2018,斯科特·斯皮尔,贝拉·索恩/帕特里克·施瓦辛格/罗伯·里格尔/奎恩·谢法德/詹·格里芬/尼古拉斯·库姆/提拉·斯考比/保罗·麦克吉莱恩/奥斯汀·奥比晶瓦/盖·克里斯蒂/艾娃·迪尤赫斯特/奥黛丽·斯莫尔曼/杰奎琳·金,剧情/爱情,英语,美国,7.5,7480,22.80%,36.60%,34.10%,5.40%,1.00%,2376
318,30195228,男人要自爱 Je ne suis pas un homme facile,2018,埃莱奥诺尔·普里亚,樊尚·埃尔巴兹/玛丽-索菲·费尔达纳/皮埃尔·贝内齐/穆恩·戴莉/布朗什·加丁/Camille Landru-Girardet/艾伦·马克森/塞利娜·芒维尔,喜剧,法语,法国,7.5,14939,17.70%,46.50%,31.80%,3.40%,0.50%,6077
319,27199776,亡命大画家 Mi obra maestra,2018,加斯顿·杜帕拉特,安德列·阿卡托/卢卡斯·阿兰达/劳尔·阿雷瓦洛/艾哈迈迪·阿齐姆/路易斯·布兰多尼/古勒莫·法兰塞拉/安德丽娅·弗里杰里奥,喜剧,西班牙语,阿根廷 / 西班牙,7.5,2419,14.80%,50.80%,31.70%,2.50%,0.40%,956
320,30283526,塔巴德 तुम्बाड,2018,拉希·阿尼尔·巴夫,索姆·沙/田蒂·马舍/安妮塔·戴特/朗吉·查克拉博蒂/迪普克·达姆利,剧情/惊悚/奇幻,印地语,印度 / 瑞典,7.5,13058,17.50%,46.60%,31.30%,3.70%,0.90%,3821
321,27621192,文集 문집,2018,李润珍,郑帝元/申银秀/许真/徐贤宇/孔敏晶/卢·苏珊娜,剧情/爱情,韩语,韩国,7.5,13188,20.00%,41.60%,33.50%,4.20%,0.60%,4687
322,27150284,速成家庭 Instant Family,2018,西恩·安德斯,马克·沃尔伯格/罗丝·伯恩/伊莎贝拉·莫奈/古斯塔夫·奇洛兹/朱莉安娜·甘米兹/奥克塔维亚·斯宾瑟/泰格·诺塔洛/汤姆·赛格拉/艾琳·瑞秋/布瑞特·伦茨勒/玛格·马丁戴尔/朱丽·哈基提/迈克尔·奥吉弗/琼·库萨克/加里·维克斯/乔伊·雅各布森/安德利娅·安德斯/肯尼斯·以色列/兰德尔·P·海文斯/埃莱扎·施莱辛格/哈维尔·朗塞罗斯/伊芙·哈洛/约瑟琳·雷耶斯/约翰·麦康奈尔/查利·麦克德莫特/埃里卡 ·比尔曼/卡尔森·霍尔姆斯/维勒特·罗德里格斯/艾米丽塔·T·冈萨雷斯/帕蒂·舍尔哈斯/本杰明·韦弗/玛丽亚·Z·威尔逊,剧情/喜剧,英语,美国,7.5,16574,16.50%,48.50%,31.20%,3.20%,0.60%,5562
323,27110448,告诉蜜蜂 Tell It to the Bees,2018,安娜贝尔·杨科尔,安娜·帕奎因/荷丽黛·格兰杰/比利·博伊德/格雷戈尔·塞尔科克/尤安·梅森/劳伦·莱尔/凯特·迪基/埃蒙·埃利奥特/Lauren Annie Boyle/Zara Howell/Violet Fluendy/Kaidon McGrath/Liam Meghan/Joanne Gallagher/Joni Samson/Isaac Jenkins,剧情/爱情,英语,英国,7.5,8050,17.90%,45.50%,32.60%,3.50%,0.50%,2646
324,26985996,私人生活 Private Life,2018,塔玛拉·詹金斯,凯瑟琳·哈恩/保罗·吉亚玛提/约翰·卡洛·林奇/丹尼斯·欧哈拉/艾米丽·罗宾森/莫莉·香侬/希博汗·法隆/凯莉·卡特/麦迪·科尔曼/弗朗西丝卡·鲁特-多德森/海缇安·朴/特雷西·齐默/戴斯敏·博格斯/萨曼莎·布克/马米·科西科/艾丽莎·奇塔姆/凯莉·米勒/安娜·库奇马/斯宾塞·摩西/罗丝玛丽·霍华德,剧情/喜剧,英语,美国,7.5,7944,13.00%,52.90%,31.10%,2.50%,0.50%,3257
325,27059080,幼儿园教师 The Kindergarten Teacher,2018,萨拉·科朗吉洛,玛吉·吉伦哈尔/盖尔·加西亚·贝纳尔/奥托·布兰克森-伍德/利比亚·普格/迈克尔·切鲁斯/安娜·巴瑞辛尼科夫/罗莎·萨拉查/黛西·塔汉/萨马拉·查卡拉蒂/阿杰·奈杜,剧情,英语,美国 / 以色列 / 英国 / 加拿大,7.5,6661,13.90%,52.40%,30.10%,3.10%,0.60%,2771
326,30406190,哥哥 Un frère,2018,维克多·哈布希,西蒙·罗伊尔/马林·拉菲特/奥莉安·巴巴扎/艾瑞斯·加斯特勒/安布尔·兰博德/西蒙·艾斯科菲/托马斯·朱迪斯,剧情/同性,法语,法国,7.5,3673,17.80%,42.70%,35.30%,3.70%,0.50%,1325
327,30132778,方寸之爱 Love Per Square Foot,2018,阿南德·蒂瓦里,维杰·卡沙尔/Angira Dhar/Alankrita Sahai/拉特纳·帕塔克/Supriya Pathak,喜剧,印地语,印度,7.5,2913,20.20%,37.80%,37.60%,3.90%,0.50%,1600
328,30183061,一次聚会 Der Vorname,2018,宋克·沃特曼,伊赫斯·贝尔本/弗洛里安·大卫·菲茨/克里斯托夫·玛丽亚·赫布斯特/塞尔坎·卡亚/卡罗琳·彼得斯/亚妮娜·乌泽/尤斯图斯·冯·多赫纳尼/克里斯蒂安·斯基宾斯基,喜剧,德语,德国,7.5,4146,14.50%,50.00%,32.00%,2.80%,0.80%,1794
329,30307248,工作的她 Η Δουλειά της,2018,Nikos Labôt,玛丽萨·特里安德菲里都/Dimitris Imellos/Maria Filini/Eleni Karagiorgi/Konstantinos Gogoulos/Eirini Asimakopoulou/Danae Primali/Dimitra Vlagopoulou/Orfeas Aggelopoulos/Georgia Tsagaraki/Areti Seidaridou/Ioanna Mavrea/Nikol Drizi/Youla Boudali/Spyros Kribalis,剧情,希腊语,希腊 / 法国 / 塞尔维亚,7.4,199,15.90%,42.70%,38.40%,3.00%,0.00%,65
330,27168189,本杰明 Benjamin,2018,西蒙·阿姆斯特尔,科林·摩根/安娜·钱斯勒/菲尼克斯·布罗萨德/乔尔·弗莱/杰克·罗文/内森·斯图尔特-贾瑞特/艾丽·肯德里克/杰西·卡芙/Michèle Belgrand/James Lailey/乔安妮·豪沃思/亚历克斯·洛威,喜剧/爱情/同性,英语,英国,7.5,3889,18.90%,44.40%,32.10%,4.00%,0.70%,1748
331,26779571,小家伙 Айка,2018,谢尔盖·德瓦茨沃伊,萨梅尔·叶斯利亚莫娃/Zhipargul Abdilaeva/David Alaverdyan/Sergey Mazur/Slava Agashkin/Ashkat Kuchinchirekov,剧情,俄语 / 吉尔吉斯语,俄罗斯 / 德国 / 波兰 / 哈萨克斯坦 / 中国大陆 / 法国,7.5,3169,12.50%,54.00%,30.90%,1.40%,1.20%,1465
332,26987999,阿曼达 Amanda,2018,米夏埃尔·艾斯,文森特·拉科斯特/伊苏尔·穆特里尔/斯塔西·马汀/欧菲莉亚·科尔布/玛丽安娜·巴斯莱/乔纳森·科恩/娜比哈·阿卡瑞/格列塔·斯卡奇/巴卡里·桑加雷/克莱尔·陈/埃莉·梅黛洛斯/柔伊·布鲁诺/拉斐尔·蒂里,剧情,法语,法国,7.5,2693,13.60%,50.80%,33.10%,2.10%,0.40%,1326
333,30282596,小小巨人 Giant Little Ones,2018,基思·贝尔曼,玛丽亚·贝罗/凯尔·麦克拉克伦/泰勒·辛克森/彼德·奥德博拉治/达伦·曼恩/乔什·维金斯/妮娅姆·威尔逊/基亚娜·马德拉/奥利维亚·斯克里文/卡尔森·迈克马克/李康宁/杰夫·克拉克/海莉·基特尔/史蒂芬·穆尔/埃文·马什/特洛伊·布德罗,剧情/同性,英语,加拿大,7.5,3823,18.60%,44.20%,32.90%,3.30%,1.00%,1513
334,30299400,我的黑历史误答笔记 나의 흑역사 오답노트,2018,黄昇基,全昭旻/朴成焄/吴东旻/宋智仁,喜剧/爱情,韩语,韩国,7.5,2893,19.50%,42.10%,33.60%,3.50%,1.40%,1201
335,30279394,尤利 Yuli,2018,伊西亚尔·博利亚因,卡洛斯·阿科斯塔/圣地亚哥·阿尔方索/凯文·马丁内斯/埃德里森·曼努埃尔·奥尔贝拉·努内斯/劳拉·德·拉乌兹/菲德尔·卡斯特罗,剧情/音乐/传记,西班牙语 / 英语,西班牙 / 古巴 / 英国 / 德国,7.5,905,16.10%,48.00%,32.00%,3.30%,0.60%,238
336,30197489,一天 Egy nap,2018,索菲娅·泽拉吉,索菲娅·绍莫希/雷欧·弗戴迪/安布鲁斯·巴赫扎/佐卡·瓦赫伽-布拉史寇/卡洛伊·哈伊久克,剧情,匈牙利语,匈牙利,7.6,791,16.30%,49.50%,30.50%,3.10%,0.60%,355
337,26707504,关于阿斯特丽德 Unga Astrid,2018,帕尼勒·费舍尔·克里斯藤森,阿尔巴·奥古斯特/崔娜·蒂虹/比约恩·古斯塔夫松/玛利亚·邦妮薇/马格努斯·克雷佩/亨瑞克·拉斐尔森/Maria Alm Norell,剧情,瑞典语,瑞典 / 丹麦,7.5,327,15.40%,45.40%,35.90%,3.30%,0.00%,110
338,30294888,冬天的小苍蝇 Všechno bude,2018,奥尔默·欧默祖,Tomás Mrvík/Jan Frantisek Uher/Eliska Krenková/连卡·弗拉萨科娃/Martin Pechlát,剧情/喜剧,捷克语,捷克 / 斯洛文尼亚 / 波兰 / 斯洛伐克 / 法国,7.5,214,15.10%,47.10%,33.70%,3.50%,0.60%,75
339,30293815,暗金烂狗8 闇金ドッグス8,2018,元木隆史,山田裕貴/仁科貴/タモト清嵐,剧情/犯罪,日语,日本,7.5,95,21.80%,34.60%,41.00%,2.60%,0.00%,39
340,30148257,克里斯·洛克：铃鼓 Chris Rock: Tamborine,2018,博·伯翰,克里斯·洛克,喜剧/脱口秀,英语,美国,7.6,964,18.20%,46.30%,30.80%,4.50%,0.30%,274
341,30217466,食戟之灵 餐之皿 OVA 极星寮的绘里奈 食戟のソーマ 餐ノ皿 極星寮のえりな,2018,米谷良知,松冈祯丞/金元寿子/高桥未奈美,动画/儿童,日语,日本,7.5,453,21.90%,35.40%,39.60%,2.40%,0.80%,46
342,30197500,先生 Sir,2018,洛汗·吉拉,Ahmareen Anjum /Amit Chakrabarty/Alok Chaturvedi/Gautam Gaikwad/阿努普瑞雅·戈恩卡/维维克·贡贝尔/迪娜兹·伊拉尼/Kantabai Jadhav/格塔姜利·库尔卡尼,剧情,印地语 / 英语 / 马拉地语,印度 / 法国,7.5,412,16.40%,47.20%,30.50%,5.30%,0.60%,138
343,30394671,医者仁心 Să nu ucizi,2018,加泰林·罗塔鲁,亚历山德鲁·苏丘/克里斯蒂娜·弗罗托/科丁·马蒂奇克/丹尼尔·波帕/达娜·罗塔鲁/尤利娅·迪斯,剧情,罗马尼亚语,罗马尼亚,7.5,1053,13.90%,47.80%,36.10%,1.70%,0.60%,453
344,27621789,夏季幸存者 Išgyventi vasarą,2018,Marija Kavtaradzė,Sarunas Zenkevicius/因德雷·帕考斯凯特/Gelminė Glemžaitė/Vilija Grigaityte/Giedre Gudeikiene/Giedrius Jursys/Larisa Kalpokaite/Karolis Kaupinis/Adrija Cepaite-Palsauskiene,剧情,立陶宛语,立陶宛,7.5,984,16.50%,47.20%,32.70%,3.30%,0.30%,356
345,26628256,一个人的课堂,2018,李军林,孙海英/王乃训/韩三明,剧情/儿童,汉语普通话,中国大陆,7.5,738,33.30%,31.30%,20.80%,6.30%,8.30%,221
346,27615401,翻译家 Un Traductor,2018,罗德里戈·巴鲁索,罗德里戈·桑托罗/马里塞尔·阿尔瓦雷斯/埃丝琳达·努涅斯/Milda Gecaite/Nataliya Rodina/Yoandra Suárez/Genadijs Dolganovs/Nikita Semenov/Aleksandra Maslennikova/Osvaldo Doimeadiós/Jorge Carlos Perez Herrera,剧情,西班牙语 / 俄语,古巴 / 加拿大,7.4,595,14.90%,47.20%,33.30%,4.30%,0.20%,203
347,30238972,在我遗忘之前 Antes Que Eu Me Esqueça,2018,蒂亚戈·阿拉基利安,何塞·阿布雷乌/卢塞·德·索萨/勒琪霞·依斯纳德/爱莎·杨波/玛丽安娜·利马/丹通·梅罗/得德·桑塔纳,剧情/喜剧,葡萄牙语,巴西,7.5,227,20.00%,40.60%,35.30%,3.50%,0.60%,96
348,4164100,呼吸 Breath,2018,西蒙·贝克,西蒙·贝克/伊丽莎白·德比茨基/理查德·劳斯伯格/瑞切尔·布莱克,剧情/运动,英语,澳大利亚,7.5,150,20.60%,40.50%,33.30%,4.80%,0.80%,53
349,30304539,D·L·休利：主流的反面 D.L. Hughley: Contrarian,2018,Jay Laurier,D·L·休利,喜剧,英语,美国,7.5,130,15.50%,48.50%,32.00%,3.10%,1.00%,34
350,30345223,周六夜现场：亚当·德赖弗/坎耶·威斯特 Saturday Night Live Adam Driver/Kanye West,2018,亚当·德赖弗,亚当·德赖弗/坎耶·威斯特,喜剧,英语,美国,7.6,114,19.80%,46.90%,28.40%,2.50%,2.50%,46
351,30183613,布莱恩·班克斯 Brian Banks,2018,汤姆·沙迪亚克,梅兰妮·利伯德/蒂凡尼·多庞特/格雷戈·金尼尔/阿尔迪斯·霍吉/雪莉·谢波德/马特·巴特格里亚/豪莎·罗克莫雷/道林·米西克/吉诺·文托/迪安·丹顿/哈里森·斯通,剧情/传记/运动,英语,美国,7.5,238,17.90%,46.20%,30.80%,4.60%,0.50%,63
352,30141476,兰伽斯塔拉姆恩仇录 Rangasthalam,2018,Sukumar,拉姆·查兰·特哈/萨曼莎·鲁斯·帕布/Aadhi/普嘉·海婅/普拉卡什·拉贾/Gautami/Jagapathi Babu,剧情/动作,泰卢固语,印度,7.5,168,26.90%,33.70%,28.80%,8.70%,1.90%,40
353,30329844,Amy Schumer Presents Sam Morril: Positive Influence,2018,马库斯·雷波依,Sam Morril,喜剧,英语,美国,7.5,157,17.60%,47.10%,31.90%,1.70%,1.70%,48
354,34459705,所有关于爱的歌 Todas as Canções de Amor,2018,Joana Mariani,玛丽娜·辉·巴尔博萨/布鲁诺·加利亚索/Julio Andrade/露易扎·玛丽安妮,爱情,葡萄牙语,巴西,7.5,113,27.10%,30.20%,34.40%,5.20%,3.10%,61
355,30232753,霍夫曼奇遇记 Гофманиада,2018,斯坦尼斯拉夫·索科洛夫,纳塔莉亚·费森/Vladimir Koshevoy/Slawa Polunin,动画/传记,俄语,俄罗斯,7.5,112,16.70%,50.00%,27.40%,6.00%,0.00%,46
356,30481943,光影守护者 Шырақшы,2018,叶尔梅克·图萨诺夫,,剧情,哈萨克语,哈萨克斯坦,7.5,87,16.40%,45.90%,32.80%,4.90%,0.00%,34
357,33385316,追爱之旅 Geetha Govindam,2018,Parasuram,维杰·德韦拉贡达/Rashmika Mandanna/萨伯拉杰/Mouryaani/Rahul Ramakrishna/维尼拉·基肖尔/Nagababu/Annapoorna/Giri Babu/Kalyani N./Ravi Prakash/Abhay Bethiganti/阿努·厄玛努尔/Sandhya Janak/Nithya Menon,剧情/爱情,泰卢固语,印度,7.5,79,35.60%,25.40%,23.70%,10.20%,5.10%,31
358,30384019,死无对证 Il testimone invisibile,2018,斯蒂法诺·摩尔蒂尼,里卡多·斯卡马乔/米丽娅姆·莱昂内/马丽娅·派雅托/法布里齐奥·本蒂沃利奥/萨拉·卡迪纳莱蒂/尼古拉·潘内利/塞尔吉奥·罗马诺/阿斯卡尼奥·巴尔博/葆拉·桑博/格拉多德布拉西奥/亚历山德拉·卡里略,剧情/悬疑/惊悚/犯罪,意大利语,意大利,7.4,59360,20.50%,39.10%,32.20%,4.90%,3.40%,17795
359,4058933,一个明星的诞生 A Star Is Born,2018,布莱德利·库珀,Lady Gaga/布莱德利·库珀/山姆·艾里奥特/安德鲁·戴斯·克雷/拉菲·格拉沃恩/安东尼·拉莫斯/大卫·查普尔/亚历克·鲍德温/马龙·威廉姆斯/布兰迪·卡莉/朗·瑞弗金/巴里·沙巴卡·亨利/迈克尔·D·罗伯茨/迈克尔·哈尔尼/丽贝卡·菲尔德/威廉·贝利/格雷戈·格伦伯格/D·J·尚格拉·皮尔斯/德瑞娜·德尼罗/艾迪·格里芬/哈尔希/马修·利巴提克/路奈尔·坎贝尔/唐·渥斯/伦尼·卡斯特罗/唐·罗伊·金/格雷戈里·斯卡尔尼奇/弗兰克·安妮罗/杰尔马诺·布兰科/梅根·豪恩/马克·查普曼/史蒂文·西塞罗/阿曼达·菲尔茨/阿尔弗雷德·加比杜林/弗雷德里克·基夫,剧情/爱情/音乐,英语,美国,7.4,117724,18.70%,39.10%,35.40%,5.80%,0.90%,40789
360,27098363,自杀小队：严厉惩罚 Suicide Squad: Hell to Pay,2018,刘山姆,克里斯蒂安·史莱特/凡妮莎·威廉斯/比利·布朗/克里斯汀·鲍尔/吉迪恩·埃默里/连姆·麦肯泰尔/塔拉·斯特朗/大卫·博特/特雷弗·德瓦/戴夫·芬诺伊/格雷戈·格伦伯格/C·托马斯·豪威尔/茜丝·琼斯/娜塔莉·兰德/马修·默瑟/朱莉·内桑森/吉姆·皮里/丹妮亚·拉米雷兹/詹姆斯·乌尔班尼亚克,动作/动画,英语,美国,7.4,15239,15.90%,45.60%,34.00%,3.70%,0.80%,3354
361,26877492,小森林 리틀 포레스트,2018,林顺礼,金泰梨/柳俊烈/文素丽/秦基周/国志龙/郑浚远,剧情,韩语,韩国,7.5,38773,18.60%,41.70%,34.40%,4.30%,0.90%,14892
362,27064658,致所有我曾爱过的男孩 To All the Boys I've Loved Before,2018,苏珊·约翰逊,拉娜·康多/诺亚·琴蒂内奥/伊瑟尔·布罗萨德/贾娜尔·帕里希/安娜·卡思卡特/安德鲁·巴切勒/特雷佐·马霍洛/玛德琳娜·亚瑟/埃米利娅·巴拉纳茨/约翰·考伯特/凯尔西·马韦马/朱莉娅·本森/乔伊·帕切科/乔丹·伯切特/琼·B·王尔德/伊莎贝尔·比奇/亨特·狄龙/克里斯蒂安·迈克尔·库珀/里斯·弗菜明/帕维尔·皮多克/杰布·比奇/Cameron Crosby/耶尔·雅曼,爱情,英语,美国,7.4,43602,16.60%,43.20%,35.50%,4.00%,0.60%,15414
363,27202825,最后一球 Тренер,2018,丹尼拉·科兹洛夫斯基,丹尼拉·科兹洛夫斯基/伊琳娜·戈尔巴乔娃/安德烈·斯莫利亚科夫/奥莉亚·祖娃/弗拉基米尔·伊林/维伦·巴比切夫/维克多·维尔比斯基/维塔利亚·安德烈夫,剧情/运动,俄语,俄罗斯,7.4,10395,18.00%,39.50%,37.80%,4.30%,0.30%,3373
364,30170375,真爱百分百 Tout le monde debout,2018,弗朗克·迪博斯克,弗朗克·迪博斯克/亚历山德拉·拉米/艾尔莎·泽贝斯坦/热拉尔·达尔蒙/卡洛琳·安格鲁德/洛朗·巴图/克洛德·布拉瑟/弗朗索瓦-格扎维埃·德梅松/克里斯托弗·卡纳德/弗朗西斯·科菲内/源利华/菲利普·维约,喜剧/爱情,法语 / 英语 / 意大利语,法国 / 比利时,7.4,13011,14.10%,45.70%,37.30%,2.70%,0.20%,5255
365,27055378,白小姐 미쓰백,2018,李智媛,韩智敏/金诗雅/李熙俊/权素贤/白秀章/金善映/全锡浩/李周英/赵敏俊/金俊范/郑京虎/金浩昌/刘贞莱/尹颂雅/琴东贤/李姃垠/张荣男,剧情,韩语,韩国,7.4,9963,15.70%,44.00%,36.70%,3.20%,0.50%,3543
366,3143727,贼巢 Den of Thieves,2018,克里斯蒂安·古德加斯特,杰拉德·巴特勒/巴勃罗·施瑞博尔/小奥谢拉·杰克逊/50分/梅多·威廉姆斯/莫里斯·孔特/布莱恩·范·霍尔特/伊万·琼斯/莫·麦克雷/凯维·莱曼-默塞尤/道恩·奥利弗瑞/艾瑞克·布里登/约旦·布里奇斯/刘易斯·陈/库珀·安德鲁斯,动作/惊悚/犯罪,英语,美国,7.4,25571,14.10%,47.70%,34.70%,2.90%,0.60%,6654
367,27180356,完美的他人 완벽한타인,2018,李宰圭,柳海真/赵震雄/李瑞镇/廉晶雅/金智秀/宋昰昀/尹敬浩/智友,剧情/喜剧,韩语,韩国,7.4,20384,13.70%,47.30%,35.40%,3.00%,0.70%,6915
368,27191173,恋如雨止 恋は雨上がりのように,2018,永井聪,小松菜奈/大泉洋/清野菜名/矶村勇斗/叶山奖之/松本穗香/山本舞香/滨田麻里/户次重幸/吉田羊,剧情/爱情,日语,日本,7.4,16223,16.00%,43.30%,36.20%,3.70%,0.70%,6013
369,27046645,雷米奇遇记 Rémi sans famille,2018,安托万·布勒西耶,丹尼尔·奥特伊/玛勒姆·帕坎/维吉妮·拉朵嫣/乔纳森·扎凯/雅克·贝汉/露德温·塞尼耶/奥尔巴尼·马森/佐伊·博伊尔/尼古拉斯·罗尔/尼古拉·达菲特/西蒙·阿姆斯特朗/弗蕾尔·格夫里尔/杰罗姆·卡森/艾克萨维尔·拉菲特/艾略特·布森/泽维尔·玛利/鲁伯特·韦恩-詹姆斯,剧情,法语,法国 / 比利时,7.4,8520,14.60%,45.30%,36.10%,3.70%,0.40%,3260
370,26682880,过境 Transit,2018,克里斯蒂安·佩措尔德,弗兰茨·罗戈夫斯基/葆拉·贝尔/戈德哈尔德·吉瑟/莉莲·巴特曼/玛丽安·扎瑞/巴尔巴拉·奥尔/马蒂亚斯·勃兰特/塞巴斯蒂安·胡克/尤斯图斯·冯·多赫纳尼/亚历克斯·布伦德穆尔/特里斯坦·皮特/罗纳德·库克利斯,剧情,德语 / 法语 / 法国手语,德国 / 法国,7.4,5406,15.10%,46.40%,33.10%,4.40%,1.00%,2508
371,27075198,深红累之渊 累-かさね-,2018,佐藤祐市,土屋太凤/芳根京子/横山裕/筒井真理子/生田智子/村井国夫/檀丽/浅野忠信,剧情/悬疑/奇幻,日语,日本,7.4,16154,15.60%,45.70%,34.00%,3.90%,0.80%,6206
372,27066184,被抹去的男孩 Boy Erased,2018,乔尔·埃哲顿,卢卡斯·赫奇斯/妮可·基德曼/罗素·克劳/玛德琳·克莱因/维克托·麦凯/大卫·约瑟夫·克雷格/特洛耶·希文/艾米丽·辛克勒/德文·迈克尔/马特·伯克/林赛·莫泽/杰西·拉图雷特/布里顿·瑟尔/大卫·迪特莫尔/威廉·吴/乔尔·埃哲顿/泽维尔·多兰/蒂姆·韦尔/弗利/兰德尔·P·海文斯/乔·阿尔文,剧情/同性/传记,英语,澳大利亚 / 美国,7.4,21363,15.10%,44.80%,36.60%,3.10%,0.50%,7287
373,27029495,法外之王 Outlaw King,2018,大卫·马肯兹,克里斯·派恩/斯蒂芬·迪兰/亚伦·泰勒-约翰逊/丽贝卡·罗宾/比利·豪尔/萨姆·斯普卢尔 /乔纳森·菲利普斯/邓肯·拉克鲁瓦/卡兰·马尔韦/史蒂芬·克里/托尼·库兰/詹姆斯·科兹莫/阿拉斯塔尔·麦肯泽/洛恩·麦克菲登/弗洛伦丝·皮尤,剧情/动作/传记/历史,英语,英国 / 美国,7.4,7872,15.20%,45.90%,35.30%,3.20%,0.50%,2360
374,30196755,世界奇妙物语 2018年春季特别篇 世にも奇妙な物語 ’18春の特別編,2018,植田泰史,三浦春马/白石麻衣,科幻/悬疑/惊悚/恐怖,日语,日本,7.4,11305,15.60%,45.10%,35.40%,3.40%,0.50%,3889
375,27593912,盲点 Blindspotting,2018,卡洛斯·洛佩斯·埃斯特拉达,戴维德·迪格斯/拉斐尔·卡索/詹妮娜·加万卡/贾思敏·赛法斯·琼斯/伊桑·恩布里/提莎·坎贝尔-马丁/乌特卡什·安邦德卡尔/凯文·卡罗尔/尼扬比·尼扬比/乔恩·查芬/韦恩·奈特/马戈·霍尔,剧情/喜剧/犯罪,英语,美国,7.4,6783,15.90%,43.80%,33.90%,5.00%,1.40%,2263
376,30295015,普拉吉布雷劳 Plagi Breslau,2018,帕特奇·维加,玛格查塔·柯查恰沃斯卡/Daria Widawska/Katarzyna Bujakiewicz/安德烈·格拉博夫斯基/Maria Dejmek/Ewa Kasprzyk/亚采克·贝勒/伊沃娜·别尔斯卡,悬疑/惊悚/犯罪,波兰语,波兰,7.4,4785,12.90%,45.90%,37.60%,2.80%,0.70%,1401
377,26762269,90年代中期 Mid90s,2018,乔纳·希尔,桑尼·苏尔季克/凯瑟琳·沃特斯顿/卢卡斯·赫奇斯/纳-凯尔·史密斯/奥伦·普雷纳特/吉奥·加利西亚/赖德·麦克劳克林/亚历克萨·德米/哈莫尼·科林/杰洛德·卡尔迈克/贾克斯·马尔科姆,剧情/喜剧,英语,美国,7.4,6307,18.10%,42.20%,34.20%,4.50%,1.00%,2370
378,30197911,破门,2018,徐耿,马顺洗/李虎城/彭一家/刘炷诗嫚/蒲浩宇/陈钶予/李金津川/徐谦/邓诗国/陈建宇/苏爱娟,剧情,汉语普通话,中国大陆,7.4,3980,13.60%,50.80%,30.40%,4.70%,0.50%,1659
379,30286112,乔纳斯 Jonas,2018,克里斯托夫·查理尔,费利克斯·马利陶德/尼古拉斯·鲍文斯/汤米·李·巴克/奥雷·阿蒂卡/玛丽·德纳尔诺/伊连·贝加拉/戴维·鲍伊特,剧情/爱情/同性,法语,法国,7.4,5206,15.50%,43.30%,36.20%,4.30%,0.70%,1838
380,30159390,我的冠军男友 Mario,2018,马塞尔·吉斯莱,麦克斯·胡巴赫/艾伦·阿尔塔拉斯/杰西·莫拉维克/朱格·普拉斯/多诺·穆格勒/安德烈亚斯·马蒂/希尔温·阿米尼/法比齐奥·波萨尼/朱利安·科奇林/加布里埃尔·诺亚·马瑞尔/施塔隆·安德森/乔利斯·格拉沃尔,剧情/爱情/同性/运动,瑞士德语 / 德语,瑞士,7.4,9894,15.40%,44.80%,35.90%,3.30%,0.70%,3772
381,30156101,黑井户疑案 黒井戸殺し,2018,城宝秀则,野村万斋/大泉洋/向井理/松冈茉优/秋元才加/和田正人/寺胁康文/藤井隆/今井朋彦/吉田羊/浅野和之/佐藤二朗/草刈民代/余贵美子/齐藤由贵/远藤宪一,剧情/悬疑/犯罪,日语,日本,7.4,4681,14.50%,46.80%,34.80%,3.30%,0.60%,1740
382,30143523,死亡天使 El ángel,2018,路易斯·奥特加,洛伦佐·法罗/奇诺·达林/丹尼尔·凡尼戈/梅赛黛斯·莫朗/玛莱娜·维拉/塞西莉亚·罗特/索菲亚·伊内斯·托尔内/皮特·蓝萨尼/马塞洛·坎切米/路易斯·尼科/威廉·普罗赛克,剧情/同性/传记/犯罪,西班牙语,阿根廷 / 西班牙,7.4,8123,16.80%,43.40%,34.00%,4.40%,1.30%,3065
383,26992036,旅猫日记 旅猫リポート,2018,三木康一郎,福士苍汰/高畑充希/广濑爱丽丝/大野拓朗/山本凉介/前野朋哉/竹内结子,剧情,日语,日本,7.4,5437,16.80%,41.30%,36.60%,4.20%,1.00%,2369
384,27601070,集中营里的摄影师 El fotógrafo de Mauthausen,2018,玛·塔尔加纳,马里奥·卡萨斯/理查德·范·韦登/阿兰·埃尔南德斯/阿德里亚·萨拉查/爱德华·布赫/斯特凡·韦纳特/弗兰克·费斯/卢卡·佩洛斯/玛卡蕾娜·戈麦斯/丹尼斯·乌伊洛基/玛丽安·科奇什,传记/历史/战争,西班牙语,西班牙,7.4,2363,14.30%,46.20%,36.40%,2.40%,0.70%,744
385,30386910,艾伦·德杰尼勒斯：感同身受 Ellen DeGeneres: Relatable,2018,乔尔·加兰,艾伦·德杰尼勒斯/劳拉·邓恩,喜剧/脱口秀,英语,美国,7.4,2002,18.60%,38.90%,35.70%,5.80%,1.10%,850
386,27149755,大浴场 Le grand bain,2018,吉尔·勒卢什,马修·阿马立克/伯努瓦·波尔沃德/吉约姆·卡内/玛琳娜·佛伊丝/菲烈·卡特林/让·雨果·安格拉德/维尔日妮·埃菲拉/费利克斯·莫阿蒂/莱拉·贝蒂/诺亚·阿比塔/彼埃尔·皮罗尔,剧情/喜剧,法语,法国,7.4,4126,14.70%,45.80%,35.10%,3.90%,0.50%,1765
387,27607255,自由了！ En liberté!,2018,皮埃尔·沙尔瓦多利,阿黛拉·哈内尔/皮奥·马麦/奥黛丽·塔图/达米安·勃纳尔/樊尚·埃尔巴兹/霍钦·丘特里/奥克塔夫·波斯维特/克里斯多夫·泰克,剧情/喜剧/犯罪,法语,法国,7.4,3203,16.80%,43.90%,33.00%,5.30%,1.10%,1445
388,26845720,只有大海知道,2018,崔永徽​​,黄尚禾/钟家骏/李凤英/张灵,剧情/歌舞/家庭/儿童,汉语普通话,中国台湾,7.4,1027,16.60%,43.70%,34.50%,3.70%,1.50%,278
389,26900391,女他,2018,周圣崴,吕伏阳/周圣崴/赵凯欣/韩睿达/岳嘉宝/陈雯/柳赛/斯琴/罗雪/赵威/孙承龙/韩昊辰/于良/尹明辉/甄鹏程/栾冬,动画/惊悚,无对白,中国大陆,7.4,4937,13.40%,51.10%,29.70%,4.10%,1.70%,2572
390,30143857,孤儿 Pupille,2018,珍妮·亨利,桑德琳娜·基贝兰/吉尔·勒卢什/埃洛迪·布歇/奥利维亚·科特/克洛蒂尔德·莫莱特/让-弗朗索瓦·斯泰弗南/布鲁诺·波达里德斯/缪缪/施特菲·塞尔马/布莱斯·赫雷来特/艾米丽·加瓦·卡恩/格莱高利·嘉德波瓦/提布尔·凡松/塞夫·哈杰迪,剧情,法语,法国,7.4,1767,14.30%,48.80%,32.30%,3.90%,0.60%,843
391,30232211,童年随之而去,2018,卢漉,芦展翔/崔璨/王文娜,剧情,汉语普通话,中国大陆,7.4,1432,18.80%,39.80%,33.60%,7.00%,0.80%,702
392,30159533,跑女战国行SP アシガールＳＰ～超時空ラブコメ再び～,2018,伊势田雅也,黑岛结菜/伊藤健太郎/松下优也/友坂理惠/川荣李奈/石黑贤/尾形一成,喜剧/爱情,日语,日本,7.4,1107,22.00%,35.90%,35.00%,6.00%,1.10%,413
393,30142045,彩塑男孩 Retablo,2018,阿尔瓦罗·德尔加多·阿帕里西奥,玛佳丽·索利埃/Amiel Cayo/Junior Bejar/Mauro Chuchon/Ubaldo Huamán/Hermelinda Luján/Ricardo Bromley López/Claudia Solís,剧情/同性,克丘亚语 / 西班牙语,秘鲁 / 德国 / 挪威,7.4,616,12.00%,49.90%,34.60%,2.60%,0.90%,215
394,2068290,风的另一边 The Other Side of the Wind,2018,奥逊·威尔斯,约翰·休斯顿/彼得·博格丹诺维奇/苏珊·斯塔丝伯格/奥雅·柯达/莉莉·帕尔默/艾德蒙·奥布莱恩/梅赛德丝·麦坎布雷奇/卡梅隆·米切尔/皮特·杰森/丹尼斯·霍珀/本尼·鲁宾/克洛德·夏布洛尔/斯特凡·奥德朗/亨利·雅格洛/保罗·马祖斯基,剧情,英语,美国 / 法国 / 伊朗,7.4,1448,21.00%,38.50%,32.80%,5.50%,2.10%,717
395,26908287,一生 Life Itself,2018,丹·福格尔曼,奥利维亚·库克/奥斯卡·伊萨克/奥利维亚·王尔德/塞缪尔·杰克逊/安东尼奥·班德拉斯/凯特琳·卡迈克尔/莱娅·柯丝达/曼迪·帕廷金/安妮特·贝宁/杰克·罗宾森/伊莎贝尔·杜兰特/费尔南达·安德拉德/塞尔吉奥·佩里斯-门切塔/阿莱克斯·莫尔纳/卢克·朱迪/费斯·洛根,剧情/爱情,英语,美国,7.4,1209,23.90%,36.30%,29.50%,8.40%,1.90%,377
396,30138039,战火中的银行家 Bankier van het Verzet,2018,约兰·吕尔森,雅各布·德威格/巴里·阿茨玛/福克琳·欧沃凯尔克/皮埃尔·波克玛/雷蒙德·提哈瑞/马德奥·范·德·格里恩/雅普·斯派克斯,剧情/战争,荷兰语,荷兰,7.4,1143,16.00%,42.40%,37.10%,4.20%,0.30%,289
397,30256024,安东尼和克莉奥佩特拉 National Theatre Live: Antony & Cleopatra,2018,西蒙·戈德温,拉尔夫·费因斯/苏菲·奥康内多/蒂姆·迈克穆兰/滕吉·卡斯姆/尼古拉斯·勒·普雷沃斯特/萨尔瓦·耶尔达/费塞友·阿金那德/格洛里亚·奥比安约/亚历山大·科布/本·威金斯/Georgia Landers/Gerald Gyimah/Sam Woolf/Hannah Morrish/Waleed Hammad/Hiba Elchikhe,剧情,英语,英国,7.4,1060,14.00%,46.20%,35.60%,3.60%,0.60%,465
398,30241694,水晶天鹅 Хрусталь,2018,Darya Zhuk,尤里·鲍里索夫/Alina Nasibullina/Ivan Mulin/Anastasia Garvey/Natalya Onishenko/Ilya Kapanets/Svetlana Anikey/Lyudmila Razumova/Vyacheslav Shakalido,剧情,俄语 / 英语,白俄罗斯 / 美国 / 德国 / 俄罗斯,7.4,582,12.80%,49.00%,35.00%,2.10%,1.10%,184
399,30156771,暴动彩虹 Riot,2018,杰弗里·沃克,达蒙·海瑞曼/凯特·波克斯/泽维尔·塞缪尔/杰西卡·德·古维/乔什·邝·塔特/本尼迪克·哈迪/汉娜·曼根·劳伦斯/肖恩·马丁代尔,剧情/同性,英语,澳大利亚,7.4,385,18.20%,42.50%,31.90%,5.60%,1.80%,132
400,30290551,巧克力与香子兰 OVA 小猫之日的约定 ネコぱら OVA 仔ネコの日の約束,2018,山本靖貴,立花慎之介/朋永真季/猪口有佳/永井真衣/成濑未亚/小仓结衣/冈岛妙/立石めぐみ,动画,日语,日本,7.4,116,27.00%,31.50%,30.30%,6.70%,4.50%,17
401,27619771,公路冤家 Links of Life,2018,玛丽·海伦·鲁克斯,玛丽·布奈尔/雷内·赫格尔/卡特琳·萨米/贝基·吴/罗布·多德/约什·亚,剧情,英语 / 法语,法国 / 美国,7.4,823,17.80%,40.40%,35.70%,5.60%,0.50%,222
402,30312182,创作英雄的男人 石之森章太郎 ヒーローを作った男 石ノ森章太郎物語,2018,佐久间纪佳,中岛健人/木村文乃/林遣都/大野拓朗/中田圭祐/佐久本宝/松川尚瑠辉/宮崎秋人/诚子,剧情,日语,日本,7.4,434,20.50%,38.40%,33.40%,6.00%,1.70%,160
403,27205128,培养天才的妻子：世界公认数学家与妻子的爱 天才を育てた女房～世界が認めた数学者と妻の愛～,2018,冈本浩一,天海祐希/佐佐木藏之介,剧情,日语,日本,7.4,675,20.00%,35.60%,40.20%,2.60%,1.60%,180
404,30256022,朱莉小姐 National Theatre Live: Julie,2018,Carrie Cracknell,凡妮莎·柯比/Eric Kofi Abrefa,,英语,英国,7.4,390,16.40%,40.90%,38.80%,3.60%,0.30%,144
405,30301431,柯蒂斯 Curtiz,2018,Tamas Yvan Topolanszky,丽丽·博尔丹/卡罗琳·博尔顿/Nikolett Barabas/Björn Freiberg/Declan Hannigan/扬·费尔德曼/斯科特·亚历山大·杨/Kata Sarbó/Rafael Feldman/罗德里克·希尔/埃斯特·纳吉-卡洛齐/杰瑞米·惠勒/József Gyabronka/Ferenc Lengyel/Christopher Krieg/Daniel Gabori/Sándor Köleséry,剧情/传记/历史,英语 / 匈牙利语,匈牙利,7.2,366,12.60%,41.20%,41.50%,4.80%,0.00%,139
406,33402260,国王与我 The King and I,2018,加里·哈勒沃尔森,Na Young Jeon/Connor Mason/Ruthie Ann Miles/凯莉·奥哈拉/Naomi Sue/渡边谦,剧情/爱情/歌舞,英语,英国,7.4,376,15.90%,42.90%,36.40%,4.20%,0.60%,178
407,30486794,七大罪OAD3 七つの大罪OAD3,2018,冈村天斋,梶裕贵/悠木碧/铃木达央/福山润/高木裕平/坂本真绫,动画,日语,日本,7.4,196,21.80%,30.90%,43.60%,3.00%,0.60%,23
408,30306053,要或不要 Võta või jäta,2018,莉娜·翠什吉娜,雷默·撒戈尔/Nora Altrov/Emily Viikman/Liis Lass/Epp Eespäev/Egon Nuter/Viire Valdma/Adeele Sepp/Andres Mähar/Eva Koldits/Indrek Ojari/Kristjan Lüüs/迈特·马姆斯登/普里特·沃伊马斯特/Helena Merzin,剧情,爱沙尼亚语 / 芬兰语,爱沙尼亚,7.4,151,11.40%,47.40%,40.40%,0.90%,0.00%,56
409,30381574,猫头鹰森林 Eia jõulud Tondikakul,2018,Anu Aun,Maria Annus/Robert Annus/Annabrith Heinmaa/Marvin Inno/Riho Kütsar/Liis Lemsalu,家庭,爱沙尼亚语,爱沙尼亚,7.3,130,15.00%,42.00%,39.00%,3.00%,1.00%,53
410,30345209,延禧南巡,2018,姜彥愷,秦岚/佘诗曼/郑裕玲/林盛斌/萧正楠/吴谨言/苏青/许凯/张振朗/陈豪/黎耀祥/何广沛/吴紫韵,真人秀/脱口秀,粤语 / 汉语普通话,中国香港,7.4,138,40.00%,23.20%,16.80%,6.30%,13.70%,24
411,30394834,2018 SBS歌谣大战,2018,全炫茂,全炫茂/曹宝儿,音乐,韩语,韩国,7.4,123,26.90%,37.60%,22.60%,6.50%,6.50%,34
412,30363466,面包工厂，第一部分 A Bread Factory Part One,2018,王沛智,泰恩·黛莉/詹姆斯·马斯特斯/Elisabeth Henry-Macari/娜娜·维西特/Zachary Sayle/布莱恩·莫瑞/Philip Kerr/谢怡芬/吴宇卫/特雷弗·圣约翰,剧情/喜剧,英语,美国,7.4,112,16.70%,41.70%,34.50%,7.10%,0.00%,38
413,30306519,面包工厂，第二部分 A Bread Factory  Part Two,2018,王沛智,杰西卡·皮蒙特尔/娜娜·维西特/詹姆斯·马斯特斯/泰恩·黛莉/格林妮斯·奥康纳/特雷弗·圣约翰/陈清仁/吴宇卫/布莱恩·莫瑞/克里斯·康罗伊/罗根·史密斯/谢怡芬/基顿·奈杰尔·库克/基特·弗拉纳根/Martina Arroyo/Teri Gibson,,英语,美国,7.4,89,16.40%,44.80%,31.30%,7.50%,0.00%,36
414,27042532,占有欲 Freddy Eddy,2018,Tini Tüllmann,Felix Schäfer/杰西卡·施瓦茨/Greta Bohacek/Alexander Finkenwirth/布尔格哈特·克劳斯纳/卡塔琳娜·舒特勒/罗伯特·施塔德洛伯/Anna Unterberger/Neriah Krase/路易丝·巴哈尔/Manuel Mairhofer/Ingrid Mülleder,惊悚,德语,德国,7.4,186,28.10%,28.10%,33.80%,7.50%,2.50%,56
415,30395621,周六夜现场：杰森·莫玛/蒙福之子乐队 Saturday Night Live Jason Momoa/Mumford & Sons,2018,杰森·莫玛,杰森·莫玛/罗伯特·德尼罗/马库斯·蒙福/艾迪·布莱恩特/贝克·班尼特/迈克尔·彻/皮特·戴维森/麦基·戴/莱斯莉·琼斯/科林·乔斯特/凯特·麦克金农/亚历克斯·莫法特/凯尔·穆尼/塞西莉·斯特朗/基南·汤普森/梅丽莎·维亚西诺尔/海蒂·加德纳/艾戈·乌迪姆/克里斯·里德/达瑞尔·哈蒙德,喜剧,英语,美国,7.4,98,8.70%,58.00%,29.00%,4.30%,0.00%,37
416,30423529,骑行之旅 Sobre Rodas,2018,Mauro D'Addio,卡乌昂·马丁斯/Marcio Magno/Igro Ozzy/Lara Boldorini,剧情/家庭/冒险,葡萄牙语,巴西,7.4,117,21.80%,32.70%,40.60%,4.00%,1.00%,35
417,30175243,周六夜现场：查德维克·博斯曼/Cardi B Saturday Night Live Chadwick Boseman/Cardi B,2018,查德维克·博斯曼,查德维克·博斯曼/卡迪·B,喜剧,英语,美国,7.3,86,16.40%,41.00%,36.10%,6.60%,0.00%,34
418,30204107,大马士革时间 به وقت شام,2018,易卜拉欣·哈塔米基亚,Hadi Hejazifar/Pierre Dagher,剧情/战争,波斯语,伊朗,7.3,92,21.90%,39.70%,23.30%,11.00%,4.10%,28
419,27096469,第十二夜 RSC Live: Twelfth Night,2018,Christopher Luscombe,亚德里安·埃德蒙松/卡拉·托恩顿,剧情/喜剧/爱情,英语,英国,7.4,63,15.10%,43.40%,35.80%,5.70%,0.00%,30
420,26636712,蚁人2：黄蜂女现身 Ant-Man and the Wasp,2018,佩顿·里德,保罗·路德/伊万杰琳·莉莉/迈克尔·佩纳/汉娜·乔恩-卡门/沃尔顿·戈金斯/鲍比·坎纳瓦尔/朱迪·格雷尔/T.I./大卫·达斯马齐连/艾比·莱德·弗特森/兰道尔·朴/米歇尔·菲佛/劳伦斯·菲什伯恩/迈克尔·道格拉斯/戈兰·卡斯蒂克/罗布·阿切尔/肖恩·克莱尔/本·戴维斯/迈克尔·瑟沃瑞斯/达克斯·格里芬/海莉·洛维特/玛德琳·麦格劳/蒂姆·海德克/布莱恩·赫斯基/朱莉娅·维拉/布莱恩·卢戈/托里·沃格尔/汤姆·夏普林/斯坦·李/约瑟夫·阿梅/安迪·阿尼斯/威廉·W·巴伯/玛塞拉·布拉吉奥/塞尔吉奥·布里奥内斯/乔·布卡罗三世/蒂莫西·卡尔/贾迈尔·钱伯斯/扎卡里·卡伯森/雅各布·埃文斯/米歇尔·毛/盖尔·甘布尔/克里斯·加恩/约翰·盖蒂尔/杰克·汉森/卡茜·亨德利,动作/科幻/冒险,英语,美国,7.3,424132,11.40%,45.00%,39.10%,4.10%,0.40%,96668
421,26588308,死侍2：我爱我家 Deadpool 2,2018,大卫·雷奇,瑞安·雷诺兹/乔什·布洛林/朱利安·迪尼森/斯蒂芬·卡皮契奇/莎姬·贝兹/T·J·米勒/莱斯利·格塞斯/卡兰·索尼/布里安娜·希德布兰德/莫蕾娜·巴卡琳/杰克·凯西/埃迪·马森/忽那汐里/兰德尔·瑞德/尼古莱·维切尔/赛尔·哈里斯/罗伯·德兰尼/刘易斯·陈/比尔·斯卡斯加德/泰瑞·克鲁斯/布拉德·皮特/罗伯特·梅耶/艾伦·图代克/马特·达蒙/海莉·塞尔斯/麦克·多普德/卢克·勒斯勒尔/亨特·狄龙/大卫·雷奇/山姆·哈格雷夫/尼古拉斯·霍尔特,喜剧/动作/科幻/冒险,英语,美国,7.3,408576,14.00%,43.10%,37.10%,4.90%,0.90%,89820
422,27140071,找到你,2018,吕乐,姚晨/马伊琍/袁文康/吴昊宸/王梓尘/陶昕然/高叶/齐欢,剧情/家庭,汉语普通话,中国大陆,7.3,195252,12.70%,44.80%,37.10%,4.60%,0.70%,62508
423,26369884,此房是我造 The House That Jack Built,2018,拉斯·冯·提尔,马特·狄龙/布鲁诺·冈茨/乌玛·瑟曼/希博汗·法隆/苏菲·格拉宝/丽莉·吉欧/杰瑞米·戴维斯/爱德华·斯皮伊尔斯/大卫·拜利/刘智泰,惊悚/恐怖/犯罪,英语 / 德语 / 意大利语,丹麦 / 法国 / 瑞典 / 德国 / 比利时 / 突尼斯,7.3,67784,19.60%,41.10%,29.60%,6.30%,3.50%,25052
424,26411377,你的婚礼 너의 결혼식,2018,李锡根,金英光/朴宝英/姜其永/高圭弼/张成范/金贤淑/林炯俊/姜德重/徐恩秀/宋再临/申素率/郑多媛/车烨/裴海善/全裴修/徐胤雅,剧情/爱情,韩语,韩国,7.3,40485,15.20%,40.30%,38.10%,5.10%,1.20%,13288
425,26944582,雪怪大冒险 Smallfoot,2018,凯瑞·柯克帕特里克,查宁·塔图姆/詹姆斯·柯登/赞达亚/勒布朗·詹姆斯/科曼/吉娜·罗德里格兹/丹尼·德维托/吉米·塔特罗/雅拉·沙希迪/伊利·亨利,喜剧/动画/歌舞/冒险,英语,美国,7.3,28037,12.40%,44.70%,39.40%,3.20%,0.30%,8992
426,27608279,网诱惊魂 Profile,2018,提莫·贝克曼贝托夫,瓦伦·凯恩/沙扎德·拉蒂夫/克里斯蒂尼·亚当斯/阿米尔·拉希姆扎德/凯利·麦克/摩根·华金斯/艾玛·凯特/路易斯·马丁/凯特·沃森/特里卡·威尔逊-瑞德,悬疑/惊悚,英语 / 阿拉伯语,美国 / 英国 / 塞浦路斯 / 俄罗斯,7.2,13120,11.30%,46.10%,37.30%,4.20%,1.10%,4687
427,30201003,寄宿学校 Boarding School,2018,鲍兹·亚金,卢克·普拉尔/斯特林·杰里斯/威尔·帕顿/科比·乔治/卡丁·乔治/尼古拉斯·J·奥利韦里/萨曼莎·玛西丝/罗伯特·约翰·伯克/纳迪娅·亚历山大/露西·沃特斯/坦米·布兰查德/大卫·阿隆·贝克,悬疑/恐怖,英语,美国,7.3,56120,15.00%,42.70%,35.80%,5.50%,1.10%,16427
428,30172751,一百样东西 100 Dinge,2018,弗洛里安·大卫·菲茨,弗洛里安·大卫·菲茨/马提亚斯·施维赫夫/米里亚姆·斯坦因/汉内洛勒·埃尔斯纳/卡特琳娜·塔巴赫/约翰尼斯·艾麦亚/马克西米利安·梅耶-布雷泽内德/玛利亚·佛万格勒/沃尔夫冈·斯塔姆普/Sarah Victoria Frick/Artjom Gilz/丹尼尔·弗利格/Milo Eisenblätter/Nora Boeckler,喜剧,德语 / 英语 / 芬兰语,德国,7.3,12425,15.70%,41.80%,37.20%,4.70%,0.70%,4357
429,30387441,天方异谈,2018,周浩晖,葛布/小爱/王初伊/黄垲翔,剧情/悬疑/奇幻,汉语普通话,中国大陆,7.2,16693,10.30%,48.60%,35.10%,5.00%,1.00%,5286
430,30205168,篮球冠军 Campeones,2018,哈维尔·费塞尔,哈维尔·古铁雷斯/雅典娜·玛塔/胡安·马加略/路易莎·加瓦萨/路易斯·贝尔梅霍/丹尼尔弗莱雷/胡利奥·费尔南德斯/维森特·希尔/伊西娅尔·卡斯特罗/查尼·马丁/哈维尔·费塞尔,剧情/喜剧/运动,西班牙语,西班牙,7.2,5825,12.50%,41.40%,42.00%,3.90%,0.20%,1910
431,30189817,江边旅馆 강변호텔,2018,洪常秀,奇周峯/金敏喜/宋宣美/权海骁/刘俊相,剧情,韩语,韩国,7.3,10274,13.70%,42.20%,38.90%,4.30%,1.00%,4546
432,27036483,北极 Arctic,2018,乔·佩那,麦斯·米科尔森/玛丽亚·塞尔玛·玛拉多提尔,剧情/冒险,英语 / 丹麦语,冰岛,7.3,6974,14.60%,41.10%,39.40%,4.20%,0.70%,2169
433,3212397,根西岛文学与土豆皮馅饼俱乐部 The Guernsey Literary and Potato Peel Pie Society,2018,迈克·内威尔,莉莉·詹姆斯/米希尔·赫伊斯曼/格伦·鲍威尔/马修·古迪/杰西卡·布朗·芬德利/汤姆·康特奈/佩内洛普·威尔顿,剧情/爱情/历史,英语,英国 / 美国,7.3,8822,15.00%,42.40%,37.80%,4.10%,0.60%,3564
434,26322767,薇塔与弗吉尼亚 Vita and Virginia,2018,钱亚·波顿,杰玛·阿特登/伊丽莎白·德比茨基/伊莎贝拉·罗西里尼/鲁伯特·彭利-琼斯/彼得·费迪南多,剧情/爱情/同性/传记,英语,爱尔兰 / 英国,7.3,5919,17.80%,38.90%,36.90%,5.50%,0.90%,2244
435,27597950,悬案密码4：64号病历 Journal 64,2018,克里斯托弗·鲍伊,尼古拉·雷·卡斯/法瑞斯·法瑞斯/约翰·路易斯·施密特/索伦·比尔马克/范妮·博内代尔/克拉拉·罗萨杰/路易斯·斯科夫/阿曼达·拉德里亚克/安德斯·霍夫/尼可拉斯·布若/埃利奥特·克罗赛特·霍夫/碧尔特·诺伊曼/迈克尔·布罗斯楚普/玛丽安·霍格斯布罗/薇比珂·哈斯特伦/特赖恩·帕里森/纳斯塔加·阿尔赛/亨里克·韦斯特加德·尼尔森/拉多·哈季奇/安德斯·布林克·马德森/旺达·佩德尔维茨,悬疑/惊悚/犯罪,丹麦语 / 西班牙语 / 阿拉伯语,丹麦 / 德国,7.3,11856,12.90%,45.10%,37.70%,3.80%,0.50%,3574
436,11524958,快乐王子 The Happy Prince,2018,鲁伯特·艾弗雷特,鲁伯特·艾弗雷特/科林·费尔斯/艾米丽·沃森/科林·摩根/埃德温·托马斯/汤姆·威尔金森/安娜·钱斯勒/朱利安·沃德姆/碧翠斯·黛尔/安德烈·彭文/约书亚·麦圭尔/克里斯蒂安·伯恩查特/奥利弗·凯特/罗纳德·皮卡普/约翰·斯坦丁/本杰明·瓦赞/丹尼尔·韦曼,剧情/同性/传记,英语 / 意大利语 / 法语,英国 / 比利时 / 意大利 / 德国,7.3,6297,14.50%,40.70%,39.70%,4.40%,0.70%,2704
437,30394779,海角上的兄妹 岬の兄妹,2018,片山慎三,松浦祐也/和田光沙/北山雅康/岩谷健司/中村祐太郎/风祭由纪/松泽匠/芹泽兴人,剧情/喜剧/情色/家庭,日语,日本,7.3,3391,14.30%,43.40%,35.90%,4.80%,1.60%,1264
438,30299355,乱反射,2018,石井裕也,妻夫木聪/井上真央/萩原圣人/北村有起哉/光石研/三浦贵大/相乐树/原日出子/大鹰明良/堀内敬子/前田亚季/田岛令子/大石吾朗/茂吕师冈/竹内都子/大塚弘太/吉谷彩子/筒井真理子/梅泽昌代/田山凉成/鹤见辰吾,剧情,日语,日本,7.3,2875,13.00%,44.90%,38.40%,3.10%,0.60%,1167
439,26889031,老男孩 Old Boys,2018,托比·麦克唐纳,乔纳·豪尔-金/埃里克斯·劳瑟/波林·艾蒂安/德尼·梅诺谢/尼古拉斯·罗尔/约书亚·麦圭尔/埃罗斯·维拉霍斯/马汀·麦格/奈森·索利/吉尔斯·马尔科姆/尼古拉斯·阿格纽/博伊德·罗杰斯/杰森· 莱恩斯/杰克·库珀·斯廷普森/山姆·雷德兰,喜剧,英语 / 法语,英国 / 瑞典,7.3,3064,13.00%,43.30%,39.80%,3.30%,0.60%,1472
440,26935499,黑色1847 Black '47,2018,兰斯·戴利,雨果·维文/詹姆斯·弗兰切威勒/斯蒂芬·瑞/弗莱迪·福克斯/巴里·基奥恩/莫·邓福德/莎拉·格林/吉姆·布劳德本特/西伦·格雷斯/安东尼娅·坎贝尔-休斯/德尔莫特·克劳利/艾丹·麦克阿德尔/基思·麦克利恩/米特扎·斯迈尔贾尼克,剧情,英语,爱尔兰 / 卢森堡,7.3,3091,12.80%,44.10%,39.00%,3.50%,0.60%,968
441,26711223,斯坦和奥利 Stan & Ollie,2018,乔·拜尔德,史蒂夫·库根/约翰·C·赖利/雪莉·亨德森/妮娜·阿里安达/丹尼·赫斯顿/斯蒂芬妮·海姆/萨西·凯恩/鲁弗斯·琼斯/宾利·卡鲁/桑吉弗·科赫利/丹尼尔·弗恩/迈克尔·海登/尼克·欧文福特/哈里·赫普/加里·基利/莱蕾·迪克斯/丽贝卡·埃莉斯·兰姆/西蒙·阿格,剧情/喜剧/传记,英语,英国 / 美国 / 加拿大,7.3,2805,11.80%,46.80%,36.80%,3.40%,1.30%,1057
442,26962614,货架之间 In den Gängen,2018,托马斯·施图伯,桑德拉·惠勒/弗兰茨·罗戈夫斯基/彼得·库尔特/亨宁·佩克/拉莫娜·库泽-莉比诺/格瑞迪·京特/克莱芒·迈尔/安德雷亚斯·利奥波德/斯特芬·施曼/迈克尔·斯派奇特/萨沙·纳丹/马提亚斯·布伦纳,剧情/爱情,德语,德国,7.3,3010,12.90%,45.00%,37.50%,4.00%,0.70%,1408
443,27002092,黑衣女人 Ladies in Black,2018,布鲁斯·贝尔斯福德,朱莉娅·奥蒙德/安格瑞·赖斯/瑞切尔·泰勒/瑞安·柯尔/文森特·佩雷斯/苏茜·波特/肖恩·雅克博森/诺妮·哈泽赫斯/尼古拉斯·哈蒙德/卢克·佩格勒/吉娜维夫·莱蒙/德博拉·肯尼迪/杰西 ·海德/劳拉·穆拉凯,剧情/喜剧,英语,澳大利亚,7.3,1838,12.60%,45.60%,37.00%,3.90%,0.90%,775
444,26687238,多甫拉托夫 Довлатов,2018,小阿列克谢·日耳曼,米兰·马里奇/丹尼拉·科兹洛夫斯基/海伦娜·萨和卡/阿尔图尔·别夏斯特内/叶莲娜·利亚多娃/安东·沙金/赛佛兰娜·科契柯娃/彼得·戈萨沃斯基/伊娃·格尔/汉娜·斯莱辛斯卡,剧情/传记,俄语 / 西班牙语 / 芬兰语,俄罗斯 / 波兰 / 塞尔维亚,7.3,1223,11.10%,49.90%,33.10%,4.70%,1.10%,406
445,27611396,金钱的胜利 La chute de l'empire américain,2018,丹尼斯·阿康特,马克西姆·罗伊/雷米·吉拉德/杨·英格兰德/Anoulith Sintharaphone,喜剧,法语,加拿大,7.3,310,16.70%,39.40%,36.30%,5.60%,2.00%,88
446,30259734,双郎 Song Lang,2018,黎光,连秉发/范刘俊才/阮清秀/吴青芸/阮黄娇贞/梅吉薇,剧情/同性/戏曲,越南语,越南,7.3,1186,14.70%,43.20%,36.40%,5.10%,0.60%,493
447,30413146,德云社戊戌年开箱庆典 2018,2018,郭德纲,郭德纲/于谦/朱云峰/曹鹤阳/高峰/栾云平,喜剧/戏曲,汉语普通话,中国大陆,7.3,264,19.50%,31.70%,41.50%,7.30%,0.00%,32
448,30237587,工作的人 Ceux qui travaillent,2018,安托尼·鲁斯巴克,奥利维埃·古尔梅/Adèle Bochatay/Louka Minnella/Isaline Prévost/Delphine Bibet/Christophe Delesques/Simon Labarrière/Michel Voïta/Merlin Leuenberger/德克·洛弗特/Lalia Bron/Victor Poltier/莎宾·蒂莫提欧/Jean-Christophe Nigon/Gabriel Carnino,剧情,法语 / 英语,瑞士 / 比利时 / 法国,7.3,662,13.40%,41.70%,40.90%,4.00%,0.00%,224
449,26803480,有时候，永远不 Sometimes Always Never,2018,卡尔·亨特,比尔·奈伊/萨姆·赖利/爱丽丝·洛维/珍妮·艾加特/蒂姆·麦克纳尼/约翰·韦斯特利/奥利弗·辛德库普/路易斯·希利/埃拉·格蕾丝·格雷戈尔/艾伦·威廉姆斯/伊斯妮·布朗/阿列克谢·赛尔/安德鲁·希姆,剧情,英语,英国,7.3,567,13.30%,43.40%,38.20%,4.50%,0.70%,183
450,27135967,甜蜜香草 Mauvaises herbes,2018,凯洪,凯洪/凯瑟琳·德纳芙/安德烈·杜索里埃/Hamza Boumalki/Leila Boumedjane/Alban Lenoir,喜剧,法语,法国,7.4,285,20.60%,35.10%,36.80%,6.10%,1.30%,96
451,27150266,狗狗之日 Dog Days,2018,肯·马里诺,凡妮莎·哈金斯/伊娃·朗格利亚/妮娜·杜波夫/菲恩·伍法德/劳伦·拉普库斯/亚当·佩里/托马斯·列农/迈克尔·卡西迪/瑞恩·汉森/乔恩·巴斯/杰西卡·洛威/罗伯·考德瑞/托克斯·奥拉贡多耶/罗恩·彼得·琼斯/Jessica St. Clair,剧情,英语,美国,7.3,267,14.50%,44.40%,32.70%,7.90%,0.50%,87
452,30122597,阿加 Ága,2018,米尔科·拉扎罗夫,Mikhail Aprosimov/Feodosia Ivanova/Sergei Egorov/Galina Tikhonova/Afanasiy Kylaev,剧情,雅库特语,保加利亚 / 德国 / 法国,7.3,256,11.40%,47.80%,37.30%,3.00%,0.50%,114
453,33459951,心如纸割 Papercut,2018,Damian Overton,Josh Kieser/Kieton Beilby/Donnie Baxter,剧情/同性,英语,澳大利亚,7.3,263,18.60%,40.00%,34.00%,4.20%,3.30%,84
454,3259978,我与赫夫共进晚餐 My Dinner with Hervé,2018,萨沙·杰瓦西 ,彼特·丁拉基/詹米·多南/米瑞·伊诺丝/奥娜·卓别林/安迪·加西亚/海伦娜·马特森/哈丽特·瓦尔特/华莱士·朗翰/丹尼尔·梅斯/亚当·沙皮罗/罗伯特·库蒂斯·布朗/泰德·金/蒂利亚纳·布克丽瓦/Ashleigh Brewer/马克·波维内利,剧情/传记,英语,美国,7.4,228,19.90%,34.70%,39.80%,4.50%,1.10%,48
455,30238141,铿锵玫瑰 عرق سرد,2018,苏海尔·贝拉吉,巴兰·科萨里/阿米尔·扎迪迪/Leili Rashidi/Hoda Zeinolabedin/萨哈尔·多拉沙西,剧情/运动,波斯语,伊朗,7.3,205,16.30%,41.60%,34.90%,4.80%,2.40%,74
456,27737950,基伯龙三日 3 Tage in Quiberon,2018,艾米莉·阿特夫,玛丽·博伊默/比吉特·米尼希迈尔/查理·哈纳/罗伯特·格维斯戴克/德尼·拉旺/克里斯托弗·巴克霍尔兹/薇姬·克里普斯,剧情,德语 / 法语 / 英语,德国 / 奥地利 / 法国,7.3,958,11.70%,46.20%,36.90%,3.40%,1.80%,329
457,27064608,斯塔比中士：一个美国英雄 Sgt. Stubby: An American Hero,2018,Richard Lanni,海伦娜·伯翰·卡特/罗根·勒曼/热拉尔·德帕迪约,动画,英语,美国 / 爱尔兰 / 法国 / 加拿大,7.2,465,15.40%,37.90%,41.40%,3.80%,1.50%,136
458,30359191,德黑兰：爱之城 Tehran: City of Love,2018,阿里·贾比尔安萨里,弗鲁格·凯哲贝格里/Mehdi Saki/Amir Hessam Bakhtiari/贝纳兹·贾法里,剧情,波斯语,伊朗 / 英国 / 荷兰,7.2,289,13.50%,40.50%,41.90%,3.30%,0.90%,110
459,27602131,最强的名医2018新春SP DOCTORS 最強の名医 新春スペシャル 2018,2018,本桥圭太,泽村一树/高岛政伸/松坂庆子/比嘉爱未/铃木梨央/黑川智花/浅利阳介/伊藤兰/石桥莲司,剧情,日语,日本,7.3,194,17.20%,40.30%,38.10%,0.00%,4.50%,41
460,30234893,狗狗救地球 Jēkabs Mimmi un runājošie suņi,2018,Edmunds Jansons,Līga Gaisa/Luīze Pastore,动画/家庭/冒险,拉脱维亚语,拉脱维亚 / 波兰,7.4,163,14.70%,47.10%,31.60%,4.40%,2.20%,60
461,30359154,如此长久的离别 이토록 오랜 이별,2018,宋敏烨,林周焕/张熙珍,,韩语,韩国,7.3,144,19.60%,38.20%,31.40%,8.80%,2.00%,42
462,26765200,无语之言 Pomiędzy słowami,2017,乌祖拉·安东尼娅克,雅酷朴·盖尔秀/安杰列·查拉/Justyna Wasilewska/Philip Wilhelmi/Christian Löber,剧情,波兰语 / 德语,荷兰 / 波兰 / 法国,7.3,111,14.10%,38.80%,45.90%,1.20%,0.00%,37
463,27622257,爷爷大逃亡 Grandpa's Great Escape,2018,埃利奥特·赫加蒂,汤姆·康特奈/大卫·威廉姆斯/Kit Connor,家庭,英语,英国,7.2,93,13.40%,38.80%,43.30%,4.50%,0.00%,44
464,30305821,母亲节 Mother's Day,2018,Fergus O'Brien,安娜·麦克西维尔·马丁/薇琪·麦克卢尔/丹尼尔·梅斯/大卫·威尔莫特/西蒙妮·柯比/Annabelle Dowler/温迪·阿尔比斯顿/Trevor Murphy,剧情,英语,英国,7.3,72,17.60%,35.30%,41.20%,3.90%,2.00%,22
465,3168101,毒液：致命守护者 Venom,2018,鲁本·弗雷斯彻,汤姆·哈迪/米歇尔·威廉姆斯/里兹·阿迈德/斯科特·黑兹/瑞德·斯科特/珍妮·斯蕾特/梅洛拉·沃尔特斯/伍迪·哈里森/佩吉·陆/马尔科姆·C·默里/索佩·阿卢科/韦恩·佩雷/米歇尔·李/库尔特·岳/克里斯·奥哈拉/埃米里奥·瑞弗拉/阿里亚当娜·约瑟夫/袁之正/朴云龙/麦克·勃兰特/尼克·图恩/山姆麦地那/迪塞尔·马德金斯/简·麦克尼尔/维克托·麦凯/马丁·巴特斯·布拉德福德/布兰顿·莫拉莱斯/马修·康威尔/斯坦·李/韦德·威廉姆斯/约瑟夫·阿梅/威廉·W·巴伯/玛塞拉·布拉吉奥/卡特·伯奇/克里斯蒂安·康佛瑞/詹姆斯·富尔特斯/丹妮拉·加斯基/约翰·盖蒂尔/艾米丽塔·T·冈萨雷斯/杰克·汉森/安东尼·B·哈里斯/卡茜·亨德利/罗恩·彼得·琼斯/霍梅洛·洛佩兹/万恩·姆约维奇,动作/科幻/惊悚,英语 / 汉语普通话,美国 / 中国大陆,7.2,781499,11.90%,42.00%,40.10%,5.30%,0.70%,209239
466,26925317,动物世界,2018,韩延,李易峰/迈克尔·道格拉斯/周冬雨/曹炳琨/王戈/苏可,剧情/动作/冒险,汉语普通话 / 英语,中国大陆,7.2,519846,11.60%,44.10%,37.10%,5.80%,1.50%,178059
467,4864908,影,2018,张艺谋,邓超/孙俪/郑恺/王千源/王景春/胡军/关晓彤/吴磊/封柏,剧情/动作/武侠/古装,汉语普通话,中国大陆 / 中国香港,7.2,550337,13.20%,43.70%,35.50%,6.10%,1.60%,182348
468,26384741,湮灭 Annihilation,2018,亚历克斯·加兰,娜塔莉·波特曼/詹妮弗·杰森·李/吉娜·罗德里格兹/泰莎·汤普森/奥斯卡·伊萨克/水野索诺娅/大卫·吉亚西/图娃·诺沃妮/本尼迪克特·王/约翰·施瓦布/萨米·海曼/乔希·丹福德/克里斯汀·麦加里蒂,剧情/科幻/惊悚,英语,美国 / 英国,7.2,340234,11.70%,43.00%,38.50%,5.70%,1.00%,96772
469,26728669,风中有朵雨做的云,2018,娄烨,井柏然/宋佳/马思纯/秦昊/陈妍希/张颂文/陈冠希/颜卓灵/王维申/胡伶/黄伊凡/陈伟榕/单宝中/梁致力/罗义民,剧情/悬疑/犯罪,汉语普通话 / 粤语,中国大陆,7.2,375878,13.40%,42.60%,36.30%,6.30%,1.40%,133405
470,27621727,遗传厄运 Hereditary,2018,阿里·艾斯特,亚历克斯·沃尔夫/加布里埃尔·伯恩/托妮·科莱特/米莉·夏普洛/克里斯蒂·萨默海斯/摩根·伦德/马洛里·贝克特尔/杰克·布朗/布赖恩·拉谢尔/海蒂·门德兹/莫伊塞斯 L·托瓦/贾罗德·菲利普斯/安·唐德/布罗克·麦金尼/扎克瑞·亚瑟/奥斯丁·R·格兰特,恐怖,英语,美国,7.2,133615,15.90%,40.40%,35.00%,6.60%,2.20%,44528
471,26356631,伸冤人2 The Equalizer 2,2018,安东尼·福奎阿,丹泽尔·华盛顿/佩德罗·帕斯卡/艾什顿·桑德斯/奥森·比恩/比尔·普尔曼/梅丽莎·里奥/乔纳森·斯卡弗/沙基纳·贾弗里/卡罗琳·戴/特德·阿尔奇迪/杰伊·赫农/马克西米利安·麦克纳马拉/安德烈·阿罗维斯基,动作/惊悚/犯罪,英语 / 法语 / 土耳其语 / 希伯来语,美国,7.2,47184,14.00%,38.90%,42.10%,4.50%,0.50%,10776
472,26949241,游戏之夜 Game Night,2018,约翰·弗朗西斯·戴利,杰森·贝特曼/瑞秋·麦克亚当斯/凯尔·钱德勒/莎朗·豪根/比利·马格努森/拉蒙尼·莫里斯/凯莉·班伯里/杰西·普莱蒙/迈克尔·C·豪尔/丹尼·赫斯顿/切尔西·帕瑞蒂/卡米利·陈/泽瑞克·威廉姆斯/约书亚·米克尔/R·F·戴利/约翰·弗朗西斯·戴利/迈克尔·西里尔·克赖顿/布鲁克·杰伊·泰勒/乔纳森·戈德斯坦/娜塔莎皓尔/凯碧·伯德斯/斯蒂夫·维亭/奥利维亚/罗宾·戴克/雷纳·加拉赫/柯蒂斯·莱昂斯/格雷丝·万/玛丽亚·Z·威尔逊/杰弗里·怀特/迈克尔·大卫·育尔,喜剧/悬疑/犯罪,英语,美国,7.2,66573,11.70%,41.80%,40.80%,5.00%,0.80%,19053
473,27607378,龙珠超：布罗利 ドラゴンボール超 ブロリー,2018,长峰达也,野泽雅子/堀川亮/久川绫/古川登志夫/草尾毅/中尾隆圣/山寺宏一/森田成一/大友龙三郎/宝龟克寿/渡边菜生子/银河万丈/千叶繁/稻田彻/水树奈奈/杉田智和/菊池正美/齐藤贵美子/森下由树子/桐本拓哉/江川央生/谷昌树/阿座上洋平/松山鹰志/青森伸/高冢正也/沼田祐介/岛田敏,动作/动画/奇幻/冒险,日语,日本,7.2,49134,14.50%,39.10%,39.30%,6.20%,0.90%,15632
474,27072988,一个小忙 A Simple Favor,2018,保罗·费格,安娜·肯德里克/布蕾克·莱弗利/亨利·戈尔丁/伊恩·霍/乔舒亚·萨蒂尼/格伦达·布拉甘扎/安德鲁·兰内斯/凯利·麦柯马克/阿帕纳·纳彻/达斯汀·米利甘/丹妮埃拉·伯尔冈/吉亚·桑德赫/鲁伯特·弗兰德/诺林·古拉姆高斯/巴希尔·萨拉赫丁/梅洛迪·约翰逊/麦丽莎·奥尼尔/埃里克·约翰逊/琳达·卡德里尼/莎拉·贝克/珍·斯马特/莱斯勒·唐纳森/克里斯·欧文斯/罗莎娜·斯科托/多梅尼克·塞纳/辛迪·戴,剧情/悬疑/犯罪,英语,美国 / 加拿大,7.2,62968,10.60%,43.50%,41.30%,4.10%,0.50%,20763
475,27012731,噩梦娃娃屋 Ghostland,2018,巴斯卡·劳吉哈,克里斯塔尔·里德/玛莲·法莫/阿纳斯塔西娅·菲利普斯/艾米莉亚·琼斯/泰勒·辛克森/凯文·泡尔/罗布·阿切尔/玛丽亚姆·伯恩斯坦/艾丽西亚·约翰斯顿/埃内斯托·格里菲思/亚当·哈蒂格/丹尼斯·科齐/沙龙·巴杰/托尼·布拉加/保罗·特利/戈登·坦纳/埃里克·阿塔瓦尔/保罗·布莱恩特/泰瑞·雷/苏珊娜·普林格尔/马利克·劳吉尔/安吉拉·阿瑟,悬疑/惊悚/恐怖,英语 / 法语,法国 / 加拿大,7.3,30435,15.50%,41.10%,35.40%,6.40%,1.60%,9304
476,27092648,蒙上你的眼 Bird Box,2018,苏珊娜·比尔,桑德拉·布洛克/崔凡特·罗兹/约翰·马尔科维奇/莎拉·保罗森/杰基·韦佛/罗莎·萨拉查/丹妮尔·麦克唐纳/里尔·莱尔·哈瓦瑞/汤姆·霍兰德/机关枪凯利/黄荣亮/普路特·泰勒·文斯/维维恩·莱拉·布莱尔/帕敏德·纳格拉/丽贝卡·彼得根/艾米·古麦尼克/泰勒·汉德雷/海皮·安德森/大卫·达斯马齐连/基思·雅各/克里斯托弗·洛根/弗兰克·莫特克/泰德·霍利斯/麦特·伦纳德,剧情/科幻/惊悚,英语,美国,7.2,48831,12.30%,42.40%,39.40%,5.00%,0.90%,13891
477,30238963,光,2018,郭修篆,庄仲维/张顺源/陈子颖,剧情/家庭,汉语普通话 / 马来语 / 粤语,马来西亚,7.2,9487,9.20%,48.20%,38.40%,3.60%,0.50%,4613
478,27199577,银魂2 銀魂2 掟は破るためにこそある,2018,福田雄一,小栗旬/菅田将晖/桥本环奈/柳乐优弥/吉泽亮/三浦春马/洼田正孝/室毅/长泽雅美/冈田将生/木村绿子/佐藤二朗/中村勘九郎/堂本刚/堤真一/胜地凉/夏菜/户塚纯贵/立木文彦,喜剧/动作/冒险,日语,日本,7.2,38508,13.30%,41.30%,39.00%,5.60%,0.80%,11885
479,30349667,指挥家 De dirigent,2018,玛利亚·彼特斯,克里斯蒂亚娜 ‧德‧布奥恩/本杰明·温赖特/斯科特·特纳·菲尔德/塞马斯·F·萨金特/安妮特·马尔赫毕/雷蒙德·提哈瑞/吉斯·舒尔腾·范·艾查特/理查德·塞梅尔/西恩·托马斯/蒂姆·埃亨/席琳·珀赛尔/奇普·布雷/玛丽-克莱尔·维特洛克斯/杰里迈亚·弗莱明/詹姆斯·卡罗尔·乔丹,剧情/爱情/传记,英语 / 荷兰语 / 德语,荷兰 / 比利时,7.2,8056,13.90%,42.90%,35.50%,6.40%,1.30%,3790
480,30183666,老爸102岁 102 Not Out,2018,奥米史·舒克拉,阿米达普·巴强/里希·卡普尔/吉米特·特里韦迪/达尔曼德拉·吉尔,剧情/喜剧,印地语,印度,7.2,17506,14.30%,39.90%,38.00%,6.80%,1.00%,7500
481,30252334,爱情是什么 愛がなんだ,2018,今泉力哉,岸井雪乃/成田凌/穗志萌香/江口德子/筒井真理子/片冈礼子/中岛步/若叶龙也/深川麻衣,剧情/爱情,日语,日本,7.2,11604,11.80%,42.20%,40.30%,4.70%,0.90%,6060
482,27133913,黑色党徒 BlacKkKlansman,2018,斯派克·李,约翰·大卫·华盛顿/亚历克·鲍德温/小伊塞亚·维特洛克/罗伯特·约翰·伯克/布赖恩·塔伦蒂诺/阿瑟·J·纳斯加勒拉/根·加里托/弗雷德里克·韦勒/亚当·德赖弗/迈克尔·布谢米/劳拉·哈里尔/达马里斯·刘易斯/奥托·布兰克森-伍德/科里·霍金斯/法龙·索尔兹伯里/瑞安·艾戈尔德/加斯帕·帕科农/保罗·沃尔特·豪泽/阿什莉·阿特金森/托弗·戈瑞斯/维克托·科利采奇奥/埃莉斯·哈德森/丹尼·霍奇/尼古拉斯·特图罗/哈里·贝拉方特/克里斯·班克斯/克雷格·穆姆斯·格兰特/汤姆·斯特拉特福/唐纳德·特朗普/保罗·迪奥梅德/赖恩·普雷姆斯伯格/吉娜·贝拉方特/迈克尔·J·伯格/柯特·克伦德尼/大卫·杜克,剧情/传记/犯罪,英语,美国,7.2,29376,10.20%,44.90%,39.30%,4.60%,1.00%,9900
483,30183667,瘦身大作战 Я худею,2018,Aleksey Nuzhnyy,亚历山德拉·伯蒂奇,喜剧,俄语,俄罗斯,7.2,4949,15.00%,36.10%,41.90%,6.30%,0.80%,1896
484,26847068,狂野生活 Wildlife,2018,保罗·达诺,杰克·吉伦哈尔/凯瑞·穆里根/比尔·坎普/艾德·奥克森博尔德/佐伊·玛格丽特·科莱蒂/凯特·琼斯/米莉·米丽耕/布莱恩·梅/莱西·阿纳斯塔西娅/达里尔·考克斯/莎拉·摩尔/特拉维斯·布鲁耶,剧情,英语,美国,7.2,11482,9.80%,45.40%,40.30%,3.80%,0.70%,4905
485,30164711,咖啡未冷前 コーヒーが冷めないうちに,2018,冢原亚由子,有村架纯/伊藤健太郎/波瑠/林遣都/深水元基/松本若菜/药师丸博子/吉田羊/松重丰/石田百合子,剧情/爱情/奇幻,日语,日本,7.2,6951,13.20%,41.90%,39.60%,4.50%,0.90%,2730
486,26363987,你能原谅我吗？ Can You Ever Forgive Me?,2018,玛丽埃尔·海勒,梅丽莎·麦卡西/理查德·E·格兰特/多莉·韦尔斯/本·法尔科内/格里高利·克洛斯蒂舍夫斯基/简·库丁/斯蒂芬·斯皮内拉/克里斯蒂安·纳瓦罗/普·班德赫/埃里克·拉雷·哈维/布兰登·斯科特·琼斯/雪伊德林恩/罗莎尔·卡农/安娜·迪佛·史密斯/马克·埃文·杰克逊/马塞拉·洛维里/罗伯塔·瓦拉赫/蒂娜·本科/乔安娜·阿德勒/迈克尔·西里尔·克赖顿/爱丽丝·克雷梅尔堡/露西·德维托/贾斯汀·邦德/马米·科西科/扎布丽娜·格瓦拉/Ron Maestri/阿曼德·里斯科/利兹·恩格/桃乐丝·麦卡锡/Bill Walters,剧情/喜剧/传记/犯罪,英语,美国,7.2,9057,11.00%,43.30%,41.10%,3.90%,0.70%,3469
487,26430706,白乌鸦 The White Crow,2018,拉尔夫·费因斯,奥列格·伊万科/拉尔夫·费因斯/路易斯·霍夫曼/阿黛尔·艾克萨勒霍布洛斯/谢尔盖·波卢宁/奥利维尔·雷堡汀/拉斐尔·佩尔索纳/丘尔潘·哈马托娃/扎克·艾弗里/玛尔·索度佩/卡利普索·瓦卢瓦/内博伊萨·杜加利奇,剧情/传记,俄语 / 英语 / 法语,英国 / 法国 / 塞尔维亚,7.2,3273,11.80%,43.10%,40.60%,3.80%,0.70%,1396
488,27054108,山茶花飘零 散り椿,2018,木村大作,冈田准一/西岛秀俊/黑木华/池松壮亮/绪形直人/柳乐优弥/芳根京子/骏河太郎/渡边大/麻生久美子/石桥莲司/富司纯子/奥田瑛二,剧情/动作,日语,日本,7.2,2053,12.20%,44.00%,37.70%,4.80%,1.20%,877
489,30343361,果戈里·复仇 Гоголь. Страшная месть,2018,埃格尔·巴拉诺夫,帕维尔·杰列维扬科/欧列格·缅希科夫/亚历山大·佩特罗夫/叶夫根尼·斯迪查金/玛尔塔·蒂莫菲娃/泰西娅·维尔科娃,悬疑/惊悚/奇幻/冒险,俄语,俄罗斯,7.2,1437,15.40%,38.30%,39.30%,5.30%,1.70%,393
490,27156537,最好的朋友 Mi mejor amigo,2018,马丁·迪乌斯,安杰洛·穆蒂·斯皮内塔/劳塔罗‧罗德里格斯/吉列尔莫·普宁/玛丽安娜·安希列里/班尼西奥·穆蒂·斯皮内塔/罗曼娜·亚历山德拉·古利奇/雷娜塔·利兹,剧情/同性,西班牙语,阿根廷,7.2,3552,14.00%,37.30%,42.00%,5.90%,0.80%,1327
491,30147434,半世界,2018,阪本顺治,原田麻由/长谷川博己/堀部圭亮/池胁千鹤/稻垣吾郎/石桥莲司/牧口元美/冈本智礼/小野武彦/涩川清彦/信太昌之/菅原あき/杉田雷麟/竹内都子,剧情,日语,日本,7.2,2125,11.00%,43.90%,39.50%,4.70%,0.90%,970
492,27104330,李保国,2018,赵起,林永健/颜丹晨/尤勇智/侯天来/吴军/高明/何政军/舒耀瑄/刘芳/李林蔚/戚云鹏/任铭松/李晓强/王匡/孙思瀚/施大生/巍子/许文广/范俊良/周正启/晁振轩,剧情/传记,汉语普通话,中国大陆,7.2,1745,25.40%,30.20%,28.60%,11.10%,4.80%,888
493,27041467,皮肤 Skin,2018,盖·纳蒂弗,杰米·贝尔/维拉·法米加/丹妮尔·麦克唐纳/玛丽·斯图尔特·马斯特森/麦克·柯尔特/比尔·坎普/路易莎·克劳瑟/珍娜·莉·格林/凯莱·罗杰斯/罗素·普斯勒/丹尼尔·亨绍尔/佐伊·玛格丽特·科莱蒂/罗布·菲格罗亚/迈克尔·维拉尔/贝蒂娜·斯凯/贾斯汀·L·威尔逊/吉姆·福特/乔安娜·哈灵顿/加西·阿伯里维,剧情,英语,美国,7.2,2219,14.40%,37.40%,41.30%,5.40%,1.50%,471
494,27596261,容基耶尔女士 Mademoiselle de Joncquières,2018,埃马纽埃尔·穆雷,塞西尔·德·弗朗斯/埃德瓦·贝耶/爱丽丝·伊萨/娜塔莉亚·多切瓦/劳尔·卡拉米/让-米歇尔·拉米,剧情/爱情,法语,法国,7.2,1916,10.50%,44.90%,40.10%,3.90%,0.60%,859
495,30307158,罗茜 Rosie,2018,帕蒂·布莱斯纳奇,莎拉·格林/茉莉·麦克凯恩/Darragh Mckenzie/鲁比·邓恩/艾丽·奥哈罗兰/莫·邓福德/Jade Jordan/Lochlainn O'Mearain/Aisling O'Mara/Killian Coyle/Natalia Kostrzewa/Clare Monnelly/Johanna O'Brien/Eva-Jane Gaffney/Derbhle Crotty,剧情,英语,爱尔兰,7.2,1371,9.50%,46.50%,37.70%,4.70%,1.50%,445
496,27621906,在警局！ Au poste!,2018,昆汀·杜皮约,伯努瓦·波尔沃德/格雷瓜尔·鲁迪格/马克·弗赖兹/阿娜伊斯·德穆斯蒂埃,剧情,法语,法国,7.3,816,10.30%,48.50%,35.40%,5.10%,0.70%,270
497,30170741,萤火虫 জোনাকি,2018,阿蒂提雅·维克拉姆·森古普塔,Ratnabali Bhattacharjee/Lolita Chatterjee/Sumanto Chattopadhyay/吉姆·萨伯,剧情,孟加拉语 / 英语,印度 / 法国 / 新加坡,7.2,727,14.30%,40.60%,36.50%,6.80%,1.80%,238
498,27102557,战中女人 Kona fer í stríð,2018,本尼迪克·埃灵格松,哈多拉·吉尔哈罗多蒂/约翰·西格罗森/胡安·卡米洛·罗曼·埃斯特拉达/乔伦德尔·拉格纳松/苏威·阿纳斯多特/贡纳·贝西·比昂森/海尔加·布拉加·乔斯提尔/夏洛特·博芬/乔·加纳尔/赫米尔·希尼·古纳森/哈拉迪尔·阿里·斯特凡松,剧情/喜剧,冰岛语,冰岛 / 法国 / 乌克兰,7.2,1682,12.50%,43.70%,37.00%,4.90%,2.00%,760
499,3077746,触碰的双手 Where Hands Touch,2018,阿马·阿桑特,阿曼德拉·斯坦伯格 /艾比·考尼什/乔治·麦凯/克里斯托弗·埃克莱斯顿/汤姆·古德曼-希尔/亚力克·纽曼/威尔·阿滕伯勒/丹尼尔·韦曼/汤姆·斯威特,剧情/爱情/战争,英语,英国,7.2,888,17.70%,34.10%,40.60%,6.10%,1.50%,250
500,27594852,铁道：家色 かぞくいろ RAILWAYS わたしたちの出発,2018,吉田康弘,有村架纯/国村隼/樱庭奈奈美/归山龙成/筒井真理子/木下邦家/板尾创路/青木崇高,剧情,日语,日本,7.2,1602,10.70%,44.40%,40.70%,3.50%,0.80%,469
